# activity_index; type; from_event; to_event; lower_bound; upper_bound
1; "drive"; 1; 2; 4; 4
2; "wait"; 2; 3; 0; 0
3; "drive"; 3; 4; 4; 4
4; "wait"; 4; 5; 0; 0
5; "drive"; 5; 6; 2; 2
6; "wait"; 6; 7; 0; 0
7; "drive"; 7; 8; 2; 2
8; "wait"; 8; 9; 1; 2
9; "drive"; 9; 10; 2; 2
10; "wait"; 10; 11; 0; 0
11; "drive"; 11; 12; 3; 3
12; "wait"; 12; 13; 0; 0
13; "drive"; 13; 14; 2; 2
14; "wait"; 14; 15; 0; 0
15; "drive"; 15; 16; 2; 2
16; "wait"; 16; 17; 0; 0
17; "drive"; 17; 18; 4; 4
18; "wait"; 18; 19; 1; 2
19; "drive"; 19; 20; 2; 2
20; "wait"; 20; 21; 0; 0
21; "drive"; 21; 22; 2; 2
22; "wait"; 22; 23; 0; 0
23; "drive"; 23; 24; 2; 2
24; "wait"; 24; 25; 0; 0
25; "drive"; 25; 26; 2; 2
26; "wait"; 26; 27; 0; 0
27; "drive"; 27; 28; 2; 2
28; "wait"; 28; 29; 0; 1
29; "drive"; 29; 30; 2; 2
30; "wait"; 30; 31; 0; 1
31; "drive"; 31; 32; 3; 3
32; "wait"; 32; 33; 0; 0
33; "drive"; 33; 34; 2; 2
34; "wait"; 34; 35; 0; 0
35; "drive"; 35; 36; 2; 2
36; "wait"; 36; 37; 0; 0
37; "drive"; 37; 38; 2; 2
38; "wait"; 38; 39; 0; 0
39; "drive"; 39; 40; 2; 2
40; "wait"; 40; 41; 0; 0
41; "drive"; 41; 42; 2; 2
42; "wait"; 42; 43; 0; 0
43; "drive"; 43; 44; 2; 2
44; "wait"; 44; 45; 0; 0
45; "drive"; 45; 46; 2; 2
46; "wait"; 46; 47; 0; 0
47; "drive"; 47; 48; 2; 2
48; "wait"; 48; 49; 1; 3
49; "drive"; 49; 50; 2; 2
50; "wait"; 50; 51; 0; 0
51; "drive"; 51; 52; 2; 2
52; "wait"; 52; 53; 0; 0
53; "drive"; 53; 54; 2; 2
54; "wait"; 54; 55; 0; 0
55; "drive"; 55; 56; 3; 3
56; "drive"; 57; 58; 2; 2
57; "wait"; 58; 59; 0; 0
58; "drive"; 59; 60; 2; 2
59; "wait"; 60; 61; 0; 0
60; "drive"; 61; 62; 2; 2
61; "wait"; 62; 63; 0; 0
62; "drive"; 63; 64; 2; 2
63; "wait"; 64; 65; 1; 3
64; "drive"; 65; 66; 2; 2
65; "wait"; 66; 67; 0; 0
66; "drive"; 67; 68; 2; 2
67; "wait"; 68; 69; 0; 0
68; "drive"; 69; 70; 2; 2
69; "wait"; 70; 71; 0; 0
70; "drive"; 71; 72; 3; 3
71; "wait"; 72; 73; 0; 0
72; "drive"; 73; 74; 1; 1
73; "wait"; 74; 75; 0; 0
74; "drive"; 75; 76; 2; 2
75; "wait"; 76; 77; 0; 0
76; "drive"; 77; 78; 2; 2
77; "wait"; 78; 79; 0; 0
78; "drive"; 79; 80; 2; 2
79; "wait"; 80; 81; 0; 0
80; "drive"; 81; 82; 2; 2
81; "wait"; 82; 83; 0; 1
82; "drive"; 83; 84; 2; 3
83; "wait"; 84; 85; 0; 1
84; "drive"; 85; 86; 1; 2
85; "wait"; 86; 87; 0; 0
86; "drive"; 87; 88; 2; 3
87; "wait"; 88; 89; 0; 0
88; "drive"; 89; 90; 2; 2
89; "wait"; 90; 91; 0; 0
90; "drive"; 91; 92; 1; 2
91; "wait"; 92; 93; 0; 0
92; "drive"; 93; 94; 2; 2
93; "wait"; 94; 95; 1; 2
94; "drive"; 95; 96; 4; 4
95; "wait"; 96; 97; 0; 0
96; "drive"; 97; 98; 2; 2
97; "wait"; 98; 99; 0; 0
98; "drive"; 99; 100; 2; 2
99; "wait"; 100; 101; 0; 0
100; "drive"; 101; 102; 2; 2
101; "wait"; 102; 103; 0; 0
102; "drive"; 103; 104; 3; 3
103; "wait"; 104; 105; 1; 2
104; "drive"; 105; 106; 3; 3
105; "wait"; 106; 107; 0; 0
106; "drive"; 107; 108; 2; 2
107; "wait"; 108; 109; 0; 0
108; "drive"; 109; 110; 3; 3
109; "wait"; 110; 111; 0; 0
110; "drive"; 111; 112; 5; 5
111; "drive"; 113; 114; 4; 4
112; "drive"; 115; 116; 3; 3
113; "drive"; 117; 118; 2; 2
114; "wait"; 118; 119; 0; 0
115; "drive"; 119; 120; 2; 2
116; "wait"; 120; 121; 0; 0
117; "drive"; 121; 122; 2; 2
118; "wait"; 122; 123; 0; 0
119; "drive"; 123; 124; 2; 2
120; "wait"; 124; 125; 0; 0
121; "drive"; 125; 126; 2; 2
122; "wait"; 126; 127; 0; 1
123; "drive"; 127; 128; 2; 2
124; "wait"; 128; 129; 0; 1
125; "drive"; 129; 130; 3; 3
126; "wait"; 130; 131; 0; 0
127; "drive"; 131; 132; 3; 3
128; "wait"; 132; 133; 0; 0
129; "drive"; 133; 134; 2; 2
130; "wait"; 134; 135; 0; 0
131; "drive"; 135; 136; 3; 3
132; "wait"; 136; 137; 0; 0
133; "drive"; 137; 138; 3; 3
134; "wait"; 138; 139; 0; 0
135; "drive"; 139; 140; 2; 2
136; "wait"; 140; 141; 0; 0
137; "drive"; 141; 142; 3; 3
138; "wait"; 142; 143; 0; 0
139; "drive"; 143; 144; 2; 2
140; "drive"; 145; 146; 3; 3
141; "wait"; 146; 147; 0; 0
142; "drive"; 147; 148; 2; 2
143; "wait"; 148; 149; 0; 0
144; "drive"; 149; 150; 3; 3
145; "wait"; 150; 151; 0; 0
146; "drive"; 151; 152; 3; 3
147; "wait"; 152; 153; 0; 0
148; "drive"; 153; 154; 2; 2
149; "wait"; 154; 155; 0; 0
150; "drive"; 155; 156; 3; 3
151; "wait"; 156; 157; 0; 0
152; "drive"; 157; 158; 3; 3
153; "wait"; 158; 159; 0; 0
154; "drive"; 159; 160; 2; 2
155; "wait"; 160; 161; 0; 1
156; "drive"; 161; 162; 2; 3
157; "wait"; 162; 163; 0; 1
158; "drive"; 163; 164; 1; 2
159; "wait"; 164; 165; 0; 0
160; "drive"; 165; 166; 2; 3
161; "wait"; 166; 167; 0; 0
162; "drive"; 167; 168; 2; 2
163; "wait"; 168; 169; 0; 0
164; "drive"; 169; 170; 1; 2
165; "wait"; 170; 171; 0; 0
166; "drive"; 171; 172; 2; 2
167; "drive"; 173; 174; 2; 2
168; "wait"; 174; 175; 0; 0
169; "drive"; 175; 176; 3; 3
170; "wait"; 176; 177; 0; 0
171; "drive"; 177; 178; 3; 3
172; "wait"; 178; 179; 0; 0
173; "drive"; 179; 180; 2; 2
174; "wait"; 180; 181; 1; 3
175; "drive"; 181; 182; 2; 2
176; "wait"; 182; 183; 0; 0
177; "drive"; 183; 184; 1; 1
178; "wait"; 184; 185; 0; 0
179; "drive"; 185; 186; 2; 2
180; "wait"; 186; 187; 0; 0
181; "drive"; 187; 188; 2; 2
182; "wait"; 188; 189; 0; 0
183; "drive"; 189; 190; 4; 4
184; "wait"; 190; 191; 1; 2
185; "drive"; 191; 192; 2; 2
186; "wait"; 192; 193; 0; 0
187; "drive"; 193; 194; 2; 2
188; "wait"; 194; 195; 0; 0
189; "drive"; 195; 196; 2; 2
190; "wait"; 196; 197; 0; 0
191; "drive"; 197; 198; 2; 2
192; "wait"; 198; 199; 0; 0
193; "drive"; 199; 200; 2; 2
194; "wait"; 200; 201; 0; 1
195; "drive"; 201; 202; 2; 2
196; "wait"; 202; 203; 0; 1
197; "drive"; 203; 204; 3; 3
198; "wait"; 204; 205; 0; 0
199; "drive"; 205; 206; 4; 4
200; "wait"; 206; 207; 0; 0
201; "drive"; 207; 208; 3; 3
202; "wait"; 208; 209; 0; 0
203; "drive"; 209; 210; 5; 5
204; "wait"; 210; 211; 0; 0
205; "drive"; 211; 212; 1; 1
206; "wait"; 212; 213; 0; 0
207; "drive"; 213; 214; 2; 2
208; "wait"; 214; 215; 0; 0
209; "drive"; 215; 216; 6; 6
210; "wait"; 216; 217; 0; 0
211; "drive"; 217; 218; 2; 2
212; "wait"; 218; 219; 2; 3
213; "drive"; 219; 220; 2; 2
214; "wait"; 220; 221; 0; 0
215; "drive"; 221; 222; 3; 3
216; "wait"; 222; 223; 0; 0
217; "drive"; 223; 224; 6; 6
218; "wait"; 224; 225; 0; 0
219; "drive"; 225; 226; 4; 4
220; "wait"; 226; 227; 0; 0
221; "drive"; 227; 228; 5; 5
222; "wait"; 228; 229; 0; 0
223; "drive"; 229; 230; 4; 4
224; "wait"; 230; 231; 0; 0
225; "drive"; 231; 232; 3; 3
226; "wait"; 232; 233; 0; 0
227; "drive"; 233; 234; 6; 6
228; "drive"; 235; 236; 5; 5
229; "wait"; 236; 237; 0; 0
230; "drive"; 237; 238; 3; 3
231; "wait"; 238; 239; 0; 0
232; "drive"; 239; 240; 4; 4
233; "wait"; 240; 241; 0; 0
234; "drive"; 241; 242; 4; 4
235; "wait"; 242; 243; 0; 0
236; "drive"; 243; 244; 4; 4
237; "wait"; 244; 245; 0; 0
238; "drive"; 245; 246; 5; 5
239; "wait"; 246; 247; 0; 0
240; "drive"; 247; 248; 3; 3
241; "wait"; 248; 249; 0; 0
242; "drive"; 249; 250; 4; 4
243; "wait"; 250; 251; 2; 3
244; "drive"; 251; 252; 2; 2
245; "wait"; 252; 253; 0; 0
246; "drive"; 253; 254; 5; 5
247; "wait"; 254; 255; 0; 0
248; "drive"; 255; 256; 2; 2
249; "wait"; 256; 257; 0; 0
250; "drive"; 257; 258; 2; 2
251; "wait"; 258; 259; 0; 0
252; "drive"; 259; 260; 5; 5
253; "wait"; 260; 261; 0; 0
254; "drive"; 261; 262; 3; 3
255; "wait"; 262; 263; 0; 0
256; "drive"; 263; 264; 5; 5
257; "wait"; 264; 265; 0; 0
258; "drive"; 265; 266; 2; 3
259; "wait"; 266; 267; 0; 1
260; "drive"; 267; 268; 2; 3
261; "wait"; 268; 269; 0; 1
262; "drive"; 269; 270; 1; 2
263; "wait"; 270; 271; 0; 0
264; "drive"; 271; 272; 2; 3
265; "wait"; 272; 273; 0; 0
266; "drive"; 273; 274; 2; 2
267; "wait"; 274; 275; 0; 0
268; "drive"; 275; 276; 1; 2
269; "wait"; 276; 277; 0; 0
270; "drive"; 277; 278; 2; 2
271; "wait"; 278; 279; 1; 2
272; "drive"; 279; 280; 4; 4
273; "wait"; 280; 281; 0; 0
274; "drive"; 281; 282; 2; 2
275; "wait"; 282; 283; 0; 0
276; "drive"; 283; 284; 2; 2
277; "wait"; 284; 285; 0; 0
278; "drive"; 285; 286; 2; 2
279; "wait"; 286; 287; 0; 0
280; "drive"; 287; 288; 2; 2
281; "wait"; 288; 289; 1; 3
282; "drive"; 289; 290; 3; 3
283; "wait"; 290; 291; 0; 0
284; "drive"; 291; 292; 2; 2
285; "wait"; 292; 293; 0; 0
286; "drive"; 293; 294; 3; 3
287; "wait"; 294; 295; 0; 0
288; "drive"; 295; 296; 3; 3
289; "drive"; 297; 298; 2; 2
290; "wait"; 298; 299; 0; 0
291; "drive"; 299; 300; 3; 3
292; "wait"; 300; 301; 0; 0
293; "drive"; 301; 302; 2; 2
294; "wait"; 302; 303; 0; 0
295; "drive"; 303; 304; 2; 2
296; "wait"; 304; 305; 0; 0
297; "drive"; 305; 306; 4; 4
298; "wait"; 306; 307; 1; 2
299; "drive"; 307; 308; 3; 3
300; "wait"; 308; 309; 0; 0
301; "drive"; 309; 310; 3; 3
302; "wait"; 310; 311; 0; 0
303; "drive"; 311; 312; 2; 2
304; "wait"; 312; 313; 0; 0
305; "drive"; 313; 314; 2; 2
306; "wait"; 314; 315; 0; 1
307; "drive"; 315; 316; 3; 3
308; "wait"; 316; 317; 0; 0
309; "drive"; 317; 318; 2; 2
310; "wait"; 318; 319; 0; 0
311; "drive"; 319; 320; 2; 2
312; "wait"; 320; 321; 0; 0
313; "drive"; 321; 322; 2; 2
314; "wait"; 322; 323; 0; 0
315; "drive"; 323; 324; 2; 2
316; "wait"; 324; 325; 0; 0
317; "drive"; 325; 326; 2; 2
318; "wait"; 326; 327; 0; 0
319; "drive"; 327; 328; 2; 2
320; "wait"; 328; 329; 0; 0
321; "drive"; 329; 330; 2; 2
322; "wait"; 330; 331; 0; 0
323; "drive"; 331; 332; 2; 2
324; "wait"; 332; 333; 1; 3
325; "drive"; 333; 334; 2; 2
326; "wait"; 334; 335; 0; 0
327; "drive"; 335; 336; 2; 2
328; "wait"; 336; 337; 0; 0
329; "drive"; 337; 338; 2; 2
330; "wait"; 338; 339; 0; 0
331; "drive"; 339; 340; 3; 3
332; "drive"; 341; 342; 2; 2
333; "wait"; 342; 343; 0; 0
334; "drive"; 343; 344; 2; 2
335; "wait"; 344; 345; 0; 0
336; "drive"; 345; 346; 2; 2
337; "wait"; 346; 347; 0; 0
338; "drive"; 347; 348; 2; 2
339; "wait"; 348; 349; 1; 3
340; "drive"; 349; 350; 2; 2
341; "wait"; 350; 351; 0; 0
342; "drive"; 351; 352; 2; 2
343; "wait"; 352; 353; 0; 0
344; "drive"; 353; 354; 2; 2
345; "wait"; 354; 355; 0; 0
346; "drive"; 355; 356; 3; 3
347; "wait"; 356; 357; 0; 0
348; "drive"; 357; 358; 1; 1
349; "wait"; 358; 359; 0; 0
350; "drive"; 359; 360; 2; 2
351; "wait"; 360; 361; 0; 0
352; "drive"; 361; 362; 2; 2
353; "wait"; 362; 363; 0; 0
354; "drive"; 363; 364; 2; 2
355; "wait"; 364; 365; 0; 0
356; "drive"; 365; 366; 2; 2
357; "wait"; 366; 367; 0; 1
358; "drive"; 367; 368; 3; 3
359; "wait"; 368; 369; 0; 0
360; "drive"; 369; 370; 2; 2
361; "wait"; 370; 371; 0; 0
362; "drive"; 371; 372; 3; 3
363; "wait"; 372; 373; 0; 0
364; "drive"; 373; 374; 3; 3
365; "wait"; 374; 375; 1; 2
366; "drive"; 375; 376; 4; 4
367; "wait"; 376; 377; 0; 0
368; "drive"; 377; 378; 2; 2
369; "wait"; 378; 379; 0; 0
370; "drive"; 379; 380; 2; 2
371; "wait"; 380; 381; 0; 0
372; "drive"; 381; 382; 2; 2
373; "wait"; 382; 383; 0; 0
374; "drive"; 383; 384; 3; 3
375; "drive"; 385; 386; 2; 2
376; "wait"; 386; 387; 0; 0
377; "drive"; 387; 388; 1; 1
378; "wait"; 388; 389; 0; 0
379; "drive"; 389; 390; 2; 2
380; "wait"; 390; 391; 0; 0
381; "drive"; 391; 392; 2; 2
382; "wait"; 392; 393; 0; 0
383; "drive"; 393; 394; 3; 3
384; "wait"; 394; 395; 0; 0
385; "drive"; 395; 396; 3; 3
386; "wait"; 396; 397; 0; 0
387; "drive"; 397; 398; 2; 2
388; "wait"; 398; 399; 0; 0
389; "drive"; 399; 400; 2; 2
390; "wait"; 400; 401; 0; 1
391; "drive"; 401; 402; 3; 3
392; "wait"; 402; 403; 0; 0
393; "drive"; 403; 404; 3; 3
394; "wait"; 404; 405; 0; 0
395; "drive"; 405; 406; 2; 2
396; "wait"; 406; 407; 0; 0
397; "drive"; 407; 408; 3; 3
398; "wait"; 408; 409; 0; 0
399; "drive"; 409; 410; 3; 3
400; "wait"; 410; 411; 0; 0
401; "drive"; 411; 412; 2; 2
402; "wait"; 412; 413; 0; 0
403; "drive"; 413; 414; 3; 3
404; "wait"; 414; 415; 0; 0
405; "drive"; 415; 416; 2; 2
406; "wait"; 416; 417; 1; 1
407; "drive"; 417; 418; 3; 3
408; "wait"; 418; 419; 0; 0
409; "drive"; 419; 420; 3; 3
410; "wait"; 420; 421; 0; 0
411; "drive"; 421; 422; 4; 4
412; "drive"; 423; 424; 3; 3
413; "wait"; 424; 425; 0; 0
414; "drive"; 425; 426; 2; 2
415; "wait"; 426; 427; 0; 0
416; "drive"; 427; 428; 4; 4
417; "wait"; 428; 429; 1; 1
418; "drive"; 429; 430; 3; 3
419; "wait"; 430; 431; 0; 0
420; "drive"; 431; 432; 2; 2
421; "wait"; 432; 433; 0; 0
422; "drive"; 433; 434; 3; 3
423; "wait"; 434; 435; 0; 0
424; "drive"; 435; 436; 3; 3
425; "wait"; 436; 437; 0; 0
426; "drive"; 437; 438; 2; 2
427; "wait"; 438; 439; 0; 0
428; "drive"; 439; 440; 3; 3
429; "wait"; 440; 441; 0; 0
430; "drive"; 441; 442; 3; 3
431; "wait"; 442; 443; 0; 0
432; "drive"; 443; 444; 2; 2
433; "wait"; 444; 445; 0; 1
434; "drive"; 445; 446; 3; 3
435; "wait"; 446; 447; 0; 0
436; "drive"; 447; 448; 2; 2
437; "wait"; 448; 449; 0; 0
438; "drive"; 449; 450; 3; 3
439; "wait"; 450; 451; 0; 0
440; "drive"; 451; 452; 3; 3
441; "wait"; 452; 453; 0; 0
442; "drive"; 453; 454; 2; 2
443; "wait"; 454; 455; 0; 0
444; "drive"; 455; 456; 2; 2
445; "wait"; 456; 457; 0; 0
446; "drive"; 457; 458; 2; 2
447; "wait"; 458; 459; 0; 0
448; "drive"; 459; 460; 2; 2
449; "drive"; 461; 462; 3; 3
450; "wait"; 462; 463; 0; 0
451; "drive"; 463; 464; 3; 3
452; "wait"; 464; 465; 0; 0
453; "drive"; 465; 466; 2; 2
454; "wait"; 466; 467; 0; 0
455; "drive"; 467; 468; 2; 2
456; "wait"; 468; 469; 0; 1
457; "drive"; 469; 470; 3; 3
458; "wait"; 470; 471; 0; 0
459; "drive"; 471; 472; 4; 4
460; "wait"; 472; 473; 0; 0
461; "drive"; 473; 474; 3; 3
462; "wait"; 474; 475; 0; 0
463; "drive"; 475; 476; 5; 5
464; "wait"; 476; 477; 0; 0
465; "drive"; 477; 478; 1; 1
466; "wait"; 478; 479; 0; 0
467; "drive"; 479; 480; 2; 2
468; "wait"; 480; 481; 0; 0
469; "drive"; 481; 482; 6; 6
470; "wait"; 482; 483; 0; 0
471; "drive"; 483; 484; 2; 2
472; "drive"; 485; 486; 2; 2
473; "wait"; 486; 487; 0; 0
474; "drive"; 487; 488; 5; 5
475; "wait"; 488; 489; 0; 0
476; "drive"; 489; 490; 2; 2
477; "wait"; 490; 491; 0; 0
478; "drive"; 491; 492; 2; 2
479; "wait"; 492; 493; 0; 0
480; "drive"; 493; 494; 5; 5
481; "wait"; 494; 495; 0; 0
482; "drive"; 495; 496; 3; 3
483; "wait"; 496; 497; 0; 0
484; "drive"; 497; 498; 5; 5
485; "wait"; 498; 499; 0; 0
486; "drive"; 499; 500; 2; 3
487; "wait"; 500; 501; 0; 1
488; "drive"; 501; 502; 3; 3
489; "wait"; 502; 503; 0; 0
490; "drive"; 503; 504; 2; 2
491; "wait"; 504; 505; 0; 0
492; "drive"; 505; 506; 3; 3
493; "wait"; 506; 507; 0; 0
494; "drive"; 507; 508; 3; 3
495; "change"; 8; 297; 2; 11
496; "change"; 18; 117; 2; 11
497; "change"; 18; 191; 2; 11
498; "change"; 18; 279; 2; 11
499; "change"; 18; 307; 2; 11
500; "change"; 18; 375; 2; 11
501; "change"; 18; 461; 2; 11
502; "change"; 30; 129; 2; 11
503; "change"; 30; 161; 2; 11
504; "change"; 30; 203; 2; 11
505; "change"; 30; 267; 2; 11
506; "change"; 30; 315; 2; 11
507; "change"; 30; 367; 2; 11
508; "change"; 30; 401; 2; 11
509; "change"; 30; 445; 2; 11
510; "change"; 30; 469; 2; 11
511; "change"; 30; 501; 2; 11
512; "change"; 32; 131; 2; 11
513; "change"; 32; 159; 2; 11
514; "change"; 32; 317; 2; 11
515; "change"; 32; 365; 2; 11
516; "change"; 32; 403; 2; 11
517; "change"; 32; 443; 2; 11
518; "change"; 48; 113; 2; 11
519; "change"; 48; 333; 2; 11
520; "change"; 48; 349; 2; 11
521; "change"; 56; 341; 2; 11
522; "change"; 64; 113; 2; 11
523; "change"; 64; 333; 2; 11
524; "change"; 64; 349; 2; 11
525; "change"; 80; 131; 2; 11
526; "change"; 80; 159; 2; 11
527; "change"; 80; 317; 2; 11
528; "change"; 80; 365; 2; 11
529; "change"; 80; 403; 2; 11
530; "change"; 80; 443; 2; 11
531; "change"; 82; 129; 2; 11
532; "change"; 82; 161; 2; 11
533; "change"; 82; 203; 2; 11
534; "change"; 82; 267; 2; 11
535; "change"; 82; 315; 2; 11
536; "change"; 82; 367; 2; 11
537; "change"; 82; 401; 2; 11
538; "change"; 82; 445; 2; 11
539; "change"; 82; 469; 2; 11
540; "change"; 82; 501; 2; 11
541; "change"; 94; 117; 2; 11
542; "change"; 94; 191; 2; 11
543; "change"; 94; 279; 2; 11
544; "change"; 94; 307; 2; 11
545; "change"; 94; 375; 2; 11
546; "change"; 94; 461; 2; 11
547; "change"; 104; 297; 2; 11
548; "change"; 116; 49; 2; 11
549; "change"; 116; 65; 2; 11
550; "change"; 116; 333; 2; 11
551; "change"; 116; 349; 2; 11
552; "change"; 128; 31; 2; 11
553; "change"; 128; 83; 2; 11
554; "change"; 128; 203; 2; 11
555; "change"; 128; 267; 2; 11
556; "change"; 128; 315; 2; 11
557; "change"; 128; 367; 2; 11
558; "change"; 128; 401; 2; 11
559; "change"; 128; 445; 2; 11
560; "change"; 128; 469; 2; 11
561; "change"; 128; 501; 2; 11
562; "change"; 130; 33; 2; 11
563; "change"; 130; 81; 2; 11
564; "change"; 130; 317; 2; 11
565; "change"; 130; 365; 2; 11
566; "change"; 130; 403; 2; 11
567; "change"; 130; 443; 2; 11
568; "change"; 144; 417; 2; 11
569; "change"; 144; 429; 2; 11
570; "change"; 158; 33; 2; 11
571; "change"; 158; 81; 2; 11
572; "change"; 158; 317; 2; 11
573; "change"; 158; 365; 2; 11
574; "change"; 158; 403; 2; 11
575; "change"; 158; 443; 2; 11
576; "change"; 160; 31; 2; 11
577; "change"; 160; 83; 2; 11
578; "change"; 160; 203; 2; 11
579; "change"; 160; 267; 2; 11
580; "change"; 160; 315; 2; 11
581; "change"; 160; 367; 2; 11
582; "change"; 160; 401; 2; 11
583; "change"; 160; 445; 2; 11
584; "change"; 160; 469; 2; 11
585; "change"; 160; 501; 2; 11
586; "change"; 172; 19; 2; 11
587; "change"; 172; 95; 2; 11
588; "change"; 172; 191; 2; 11
589; "change"; 172; 279; 2; 11
590; "change"; 172; 307; 2; 11
591; "change"; 172; 375; 2; 11
592; "change"; 172; 461; 2; 11
593; "change"; 180; 385; 2; 11
594; "change"; 188; 393; 2; 11
595; "change"; 188; 453; 2; 11
596; "change"; 190; 19; 2; 11
597; "change"; 190; 95; 2; 11
598; "change"; 190; 117; 2; 11
599; "change"; 190; 307; 2; 11
600; "change"; 190; 375; 2; 11
601; "change"; 190; 461; 2; 11
602; "change"; 202; 31; 2; 11
603; "change"; 202; 83; 2; 11
604; "change"; 202; 129; 2; 11
605; "change"; 202; 161; 2; 11
606; "change"; 202; 315; 2; 11
607; "change"; 202; 367; 2; 11
608; "change"; 202; 401; 2; 11
609; "change"; 202; 445; 2; 11
610; "change"; 202; 469; 2; 11
611; "change"; 202; 501; 2; 11
612; "change"; 218; 485; 2; 11
613; "change"; 250; 485; 2; 11
614; "change"; 266; 31; 2; 11
615; "change"; 266; 83; 2; 11
616; "change"; 266; 129; 2; 11
617; "change"; 266; 161; 2; 11
618; "change"; 266; 315; 2; 11
619; "change"; 266; 367; 2; 11
620; "change"; 266; 401; 2; 11
621; "change"; 266; 445; 2; 11
622; "change"; 266; 469; 2; 11
623; "change"; 266; 501; 2; 11
624; "change"; 278; 19; 2; 11
625; "change"; 278; 95; 2; 11
626; "change"; 278; 117; 2; 11
627; "change"; 278; 307; 2; 11
628; "change"; 278; 375; 2; 11
629; "change"; 278; 461; 2; 11
630; "change"; 280; 393; 2; 11
631; "change"; 280; 453; 2; 11
632; "change"; 288; 385; 2; 11
633; "change"; 306; 19; 2; 11
634; "change"; 306; 95; 2; 11
635; "change"; 306; 117; 2; 11
636; "change"; 306; 191; 2; 11
637; "change"; 306; 279; 2; 11
638; "change"; 306; 461; 2; 11
639; "change"; 308; 395; 2; 11
640; "change"; 308; 451; 2; 11
641; "change"; 308; 463; 2; 11
642; "change"; 308; 507; 2; 11
643; "change"; 314; 31; 2; 11
644; "change"; 314; 83; 2; 11
645; "change"; 314; 129; 2; 11
646; "change"; 314; 161; 2; 11
647; "change"; 314; 203; 2; 11
648; "change"; 314; 267; 2; 11
649; "change"; 314; 401; 2; 11
650; "change"; 314; 445; 2; 11
651; "change"; 314; 469; 2; 11
652; "change"; 314; 501; 2; 11
653; "change"; 316; 33; 2; 11
654; "change"; 316; 81; 2; 11
655; "change"; 316; 131; 2; 11
656; "change"; 316; 159; 2; 11
657; "change"; 316; 403; 2; 11
658; "change"; 316; 443; 2; 11
659; "change"; 332; 49; 2; 11
660; "change"; 332; 65; 2; 11
661; "change"; 332; 113; 2; 11
662; "change"; 340; 57; 2; 11
663; "change"; 348; 49; 2; 11
664; "change"; 348; 65; 2; 11
665; "change"; 348; 113; 2; 11
666; "change"; 364; 33; 2; 11
667; "change"; 364; 81; 2; 11
668; "change"; 364; 131; 2; 11
669; "change"; 364; 159; 2; 11
670; "change"; 364; 403; 2; 11
671; "change"; 364; 443; 2; 11
672; "change"; 366; 31; 2; 11
673; "change"; 366; 83; 2; 11
674; "change"; 366; 129; 2; 11
675; "change"; 366; 161; 2; 11
676; "change"; 366; 203; 2; 11
677; "change"; 366; 267; 2; 11
678; "change"; 366; 401; 2; 11
679; "change"; 366; 445; 2; 11
680; "change"; 366; 469; 2; 11
681; "change"; 366; 501; 2; 11
682; "change"; 372; 395; 2; 11
683; "change"; 372; 451; 2; 11
684; "change"; 372; 463; 2; 11
685; "change"; 372; 507; 2; 11
686; "change"; 374; 19; 2; 11
687; "change"; 374; 95; 2; 11
688; "change"; 374; 117; 2; 11
689; "change"; 374; 191; 2; 11
690; "change"; 374; 279; 2; 11
691; "change"; 374; 461; 2; 11
692; "change"; 384; 9; 2; 11
693; "change"; 384; 105; 2; 11
694; "change"; 392; 189; 2; 11
695; "change"; 392; 281; 2; 11
696; "change"; 394; 309; 2; 11
697; "change"; 394; 373; 2; 11
698; "change"; 394; 463; 2; 11
699; "change"; 394; 507; 2; 11
700; "change"; 400; 31; 2; 11
701; "change"; 400; 83; 2; 11
702; "change"; 400; 129; 2; 11
703; "change"; 400; 161; 2; 11
704; "change"; 400; 203; 2; 11
705; "change"; 400; 267; 2; 11
706; "change"; 400; 315; 2; 11
707; "change"; 400; 367; 2; 11
708; "change"; 400; 469; 2; 11
709; "change"; 400; 501; 2; 11
710; "change"; 402; 33; 2; 11
711; "change"; 402; 81; 2; 11
712; "change"; 402; 131; 2; 11
713; "change"; 402; 159; 2; 11
714; "change"; 402; 317; 2; 11
715; "change"; 402; 365; 2; 11
716; "change"; 416; 145; 2; 11
717; "change"; 428; 145; 2; 11
718; "change"; 442; 33; 2; 11
719; "change"; 442; 81; 2; 11
720; "change"; 442; 131; 2; 11
721; "change"; 442; 159; 2; 11
722; "change"; 442; 317; 2; 11
723; "change"; 442; 365; 2; 11
724; "change"; 444; 31; 2; 11
725; "change"; 444; 83; 2; 11
726; "change"; 444; 129; 2; 11
727; "change"; 444; 161; 2; 11
728; "change"; 444; 203; 2; 11
729; "change"; 444; 267; 2; 11
730; "change"; 444; 315; 2; 11
731; "change"; 444; 367; 2; 11
732; "change"; 444; 469; 2; 11
733; "change"; 444; 501; 2; 11
734; "change"; 450; 309; 2; 11
735; "change"; 450; 373; 2; 11
736; "change"; 450; 463; 2; 11
737; "change"; 450; 507; 2; 11
738; "change"; 452; 189; 2; 11
739; "change"; 452; 281; 2; 11
740; "change"; 460; 181; 2; 11
741; "change"; 460; 289; 2; 11
742; "change"; 462; 309; 2; 11
743; "change"; 462; 373; 2; 11
744; "change"; 462; 395; 2; 11
745; "change"; 462; 451; 2; 11
746; "change"; 468; 31; 2; 11
747; "change"; 468; 83; 2; 11
748; "change"; 468; 129; 2; 11
749; "change"; 468; 161; 2; 11
750; "change"; 468; 203; 2; 11
751; "change"; 468; 267; 2; 11
752; "change"; 468; 315; 2; 11
753; "change"; 468; 367; 2; 11
754; "change"; 468; 401; 2; 11
755; "change"; 468; 445; 2; 11
756; "change"; 484; 219; 2; 11
757; "change"; 484; 251; 2; 11
758; "change"; 500; 31; 2; 11
759; "change"; 500; 83; 2; 11
760; "change"; 500; 129; 2; 11
761; "change"; 500; 161; 2; 11
762; "change"; 500; 203; 2; 11
763; "change"; 500; 267; 2; 11
764; "change"; 500; 315; 2; 11
765; "change"; 500; 367; 2; 11
766; "change"; 500; 401; 2; 11
767; "change"; 500; 445; 2; 11
768; "change"; 506; 309; 2; 11
769; "change"; 506; 373; 2; 11
770; "change"; 506; 395; 2; 11
771; "change"; 506; 451; 2; 11
772; "change"; 508; 19; 2; 11
773; "change"; 508; 95; 2; 11
774; "change"; 508; 117; 2; 11
775; "change"; 508; 191; 2; 11
776; "change"; 508; 279; 2; 11
777; "change"; 508; 307; 2; 11
778; "change"; 508; 375; 2; 11
779; "headway"; 3; 109; 4; 6
780; "headway"; 5; 105; 4; 6
781; "headway"; 9; 297; 4; 6
782; "headway"; 19; 191; 2; 8
783; "headway"; 19; 307; 2; 8
784; "headway"; 19; 117; 2; 8
785; "headway"; 31; 315; 5; 5
786; "headway"; 49; 333; 3; 7
787; "headway"; 65; 349; 5; 5
788; "headway"; 83; 161; 2; 8
789; "headway"; 83; 267; 2; 8
790; "headway"; 83; 367; 5; 5
791; "headway"; 94; 172; 2; 8
792; "headway"; 95; 279; 2; 8
793; "headway"; 95; 375; 2; 8
794; "headway"; 104; 384; 4; 6
795; "headway"; 113; 49; 1; 2
796; "headway"; 113; 333; 2; 8
797; "headway"; 116; 64; 1; 2
798; "headway"; 116; 348; 2; 8
799; "headway"; 117; 191; 2; 8
800; "headway"; 117; 461; 2; 8
801; "headway"; 129; 203; 2; 8
802; "headway"; 129; 401; 4; 6
803; "headway"; 129; 469; 2; 8
804; "headway"; 144; 416; 4; 6
805; "headway"; 145; 429; 4; 6
806; "headway"; 161; 267; 2; 8
807; "headway"; 161; 445; 4; 6
808; "headway"; 172; 278; 2; 8
809; "headway"; 172; 508; 2; 8
810; "headway"; 203; 469; 4; 6
811; "headway"; 218; 484; 4; 6
812; "headway"; 251; 485; 4; 6
813; "headway"; 267; 501; 4; 6
814; "headway"; 307; 461; 2; 8
815; "headway"; 367; 445; 2; 8
816; "headway"; 367; 501; 2; 8
817; "headway"; 374; 508; 2; 8
818; "headway"; 385; 181; 4; 6
819; "headway"; 401; 203; 2; 8
820; "headway"; 401; 469; 2; 8
821; "headway"; 423; 421; 3; 7
822; "headway"; 445; 501; 2; 8
823; "headway"; 460; 288; 4; 6
