# event_id; type; stop_id; line_id; line_direction; line_freq_repetition
1; "departure"; 12; 1; >; 1
2; "arrival"; 139; 1; >; 1
3; "departure"; 12; 1; >; 2
4; "arrival"; 139; 1; >; 2
5; "departure"; 12; 2; >; 1
6; "arrival"; 64; 2; >; 1
7; "departure"; 64; 2; >; 1
8; "arrival"; 32; 2; >; 1
9; "departure"; 32; 2; >; 1
10; "arrival"; 80; 2; >; 1
11; "departure"; 80; 2; >; 1
12; "arrival"; 49; 2; >; 1
13; "departure"; 49; 2; >; 1
14; "arrival"; 18; 2; >; 1
15; "departure"; 12; 2; >; 2
16; "arrival"; 64; 2; >; 2
17; "departure"; 64; 2; >; 2
18; "arrival"; 32; 2; >; 2
19; "departure"; 32; 2; >; 2
20; "arrival"; 80; 2; >; 2
21; "departure"; 80; 2; >; 2
22; "arrival"; 49; 2; >; 2
23; "departure"; 49; 2; >; 2
24; "arrival"; 18; 2; >; 2
25; "departure"; 12; 3; >; 1
26; "arrival"; 71; 3; >; 1
27; "departure"; 71; 3; >; 1
28; "arrival"; 85; 3; >; 1
29; "departure"; 85; 3; >; 1
30; "arrival"; 15; 3; >; 1
31; "departure"; 15; 3; >; 1
32; "arrival"; 118; 3; >; 1
33; "departure"; 118; 3; >; 1
34; "arrival"; 107; 3; >; 1
35; "departure"; 107; 3; >; 1
36; "arrival"; 124; 3; >; 1
37; "departure"; 124; 3; >; 1
38; "arrival"; 20; 3; >; 1
39; "departure"; 12; 4; >; 1
40; "arrival"; 139; 4; >; 1
41; "departure"; 139; 4; >; 1
42; "arrival"; 98; 4; >; 1
43; "departure"; 98; 4; >; 1
44; "arrival"; 62; 4; >; 1
45; "departure"; 62; 4; >; 1
46; "arrival"; 30; 4; >; 1
47; "departure"; 12; 4; >; 2
48; "arrival"; 139; 4; >; 2
49; "departure"; 139; 4; >; 2
50; "arrival"; 98; 4; >; 2
51; "departure"; 98; 4; >; 2
52; "arrival"; 62; 4; >; 2
53; "departure"; 62; 4; >; 2
54; "arrival"; 30; 4; >; 2
55; "departure"; 12; 4; >; 3
56; "arrival"; 139; 4; >; 3
57; "departure"; 139; 4; >; 3
58; "arrival"; 98; 4; >; 3
59; "departure"; 98; 4; >; 3
60; "arrival"; 62; 4; >; 3
61; "departure"; 62; 4; >; 3
62; "arrival"; 30; 4; >; 3
63; "departure"; 12; 4; >; 4
64; "arrival"; 139; 4; >; 4
65; "departure"; 139; 4; >; 4
66; "arrival"; 98; 4; >; 4
67; "departure"; 98; 4; >; 4
68; "arrival"; 62; 4; >; 4
69; "departure"; 62; 4; >; 4
70; "arrival"; 30; 4; >; 4
71; "departure"; 12; 5; >; 1
72; "arrival"; 85; 5; >; 1
73; "departure"; 85; 5; >; 1
74; "arrival"; 15; 5; >; 1
75; "departure"; 15; 5; >; 1
76; "arrival"; 118; 5; >; 1
77; "departure"; 118; 5; >; 1
78; "arrival"; 107; 5; >; 1
79; "departure"; 107; 5; >; 1
80; "arrival"; 124; 5; >; 1
81; "departure"; 124; 5; >; 1
82; "arrival"; 20; 5; >; 1
83; "departure"; 12; 6; >; 1
84; "arrival"; 71; 6; >; 1
85; "departure"; 71; 6; >; 1
86; "arrival"; 85; 6; >; 1
87; "departure"; 85; 6; >; 1
88; "arrival"; 15; 6; >; 1
89; "departure"; 15; 6; >; 1
90; "arrival"; 118; 6; >; 1
91; "departure"; 118; 6; >; 1
92; "arrival"; 107; 6; >; 1
93; "departure"; 107; 6; >; 1
94; "arrival"; 57; 6; >; 1
95; "departure"; 57; 6; >; 1
96; "arrival"; 56; 6; >; 1
97; "departure"; 12; 6; >; 2
98; "arrival"; 71; 6; >; 2
99; "departure"; 71; 6; >; 2
100; "arrival"; 85; 6; >; 2
101; "departure"; 85; 6; >; 2
102; "arrival"; 15; 6; >; 2
103; "departure"; 15; 6; >; 2
104; "arrival"; 118; 6; >; 2
105; "departure"; 118; 6; >; 2
106; "arrival"; 107; 6; >; 2
107; "departure"; 107; 6; >; 2
108; "arrival"; 57; 6; >; 2
109; "departure"; 57; 6; >; 2
110; "arrival"; 56; 6; >; 2
111; "departure"; 12; 7; >; 1
112; "arrival"; 85; 7; >; 1
113; "departure"; 85; 7; >; 1
114; "arrival"; 15; 7; >; 1
115; "departure"; 15; 7; >; 1
116; "arrival"; 118; 7; >; 1
117; "departure"; 118; 7; >; 1
118; "arrival"; 107; 7; >; 1
119; "departure"; 107; 7; >; 1
120; "arrival"; 57; 7; >; 1
121; "departure"; 57; 7; >; 1
122; "arrival"; 56; 7; >; 1
123; "departure"; 12; 8; >; 1
124; "arrival"; 85; 8; >; 1
125; "departure"; 85; 8; >; 1
126; "arrival"; 73; 8; >; 1
127; "departure"; 73; 8; >; 1
128; "arrival"; 8; 8; >; 1
129; "departure"; 8; 8; >; 1
130; "arrival"; 4; 8; >; 1
131; "departure"; 4; 8; >; 1
132; "arrival"; 13; 8; >; 1
133; "departure"; 13; 8; >; 1
134; "arrival"; 72; 8; >; 1
135; "departure"; 12; 9; >; 1
136; "arrival"; 71; 9; >; 1
137; "departure"; 71; 9; >; 1
138; "arrival"; 105; 9; >; 1
139; "departure"; 105; 9; >; 1
140; "arrival"; 43; 9; >; 1
141; "departure"; 43; 9; >; 1
142; "arrival"; 85; 9; >; 1
143; "departure"; 85; 9; >; 1
144; "arrival"; 135; 9; >; 1
145; "departure"; 135; 9; >; 1
146; "arrival"; 115; 9; >; 1
147; "departure"; 115; 9; >; 1
148; "arrival"; 73; 9; >; 1
149; "departure"; 12; 9; >; 2
150; "arrival"; 71; 9; >; 2
151; "departure"; 71; 9; >; 2
152; "arrival"; 105; 9; >; 2
153; "departure"; 105; 9; >; 2
154; "arrival"; 43; 9; >; 2
155; "departure"; 43; 9; >; 2
156; "arrival"; 85; 9; >; 2
157; "departure"; 85; 9; >; 2
158; "arrival"; 135; 9; >; 2
159; "departure"; 135; 9; >; 2
160; "arrival"; 115; 9; >; 2
161; "departure"; 115; 9; >; 2
162; "arrival"; 73; 9; >; 2
163; "departure"; 12; 10; >; 1
164; "arrival"; 85; 10; >; 1
165; "departure"; 85; 10; >; 1
166; "arrival"; 73; 10; >; 1
167; "departure"; 73; 10; >; 1
168; "arrival"; 8; 10; >; 1
169; "departure"; 8; 10; >; 1
170; "arrival"; 101; 10; >; 1
171; "departure"; 101; 10; >; 1
172; "arrival"; 22; 10; >; 1
173; "departure"; 22; 10; >; 1
174; "arrival"; 39; 10; >; 1
175; "departure"; 39; 10; >; 1
176; "arrival"; 4; 10; >; 1
177; "departure"; 4; 10; >; 1
178; "arrival"; 35; 10; >; 1
179; "departure"; 35; 10; >; 1
180; "arrival"; 51; 10; >; 1
181; "departure"; 51; 10; >; 1
182; "arrival"; 3; 10; >; 1
183; "departure"; 3; 10; >; 1
184; "arrival"; 6; 10; >; 1
185; "departure"; 6; 10; >; 1
186; "arrival"; 36; 10; >; 1
187; "departure"; 36; 10; >; 1
188; "arrival"; 66; 10; >; 1
189; "departure"; 66; 10; >; 1
190; "arrival"; 19; 10; >; 1
191; "departure"; 19; 10; >; 1
192; "arrival"; 16; 10; >; 1
193; "departure"; 16; 10; >; 1
194; "arrival"; 26; 10; >; 1
195; "departure"; 26; 10; >; 1
196; "arrival"; 13; 10; >; 1
197; "departure"; 13; 10; >; 1
198; "arrival"; 46; 10; >; 1
199; "departure"; 46; 10; >; 1
200; "arrival"; 25; 10; >; 1
201; "departure"; 25; 10; >; 1
202; "arrival"; 116; 10; >; 1
203; "departure"; 12; 11; >; 1
204; "arrival"; 91; 11; >; 1
205; "departure"; 91; 11; >; 1
206; "arrival"; 42; 11; >; 1
207; "departure"; 42; 11; >; 1
208; "arrival"; 21; 11; >; 1
209; "departure"; 21; 11; >; 1
210; "arrival"; 11; 11; >; 1
211; "departure"; 11; 11; >; 1
212; "arrival"; 33; 11; >; 1
213; "departure"; 33; 11; >; 1
214; "arrival"; 137; 11; >; 1
215; "departure"; 137; 11; >; 1
216; "arrival"; 139; 11; >; 1
217; "departure"; 139; 11; >; 1
218; "arrival"; 140; 11; >; 1
219; "departure"; 140; 11; >; 1
220; "arrival"; 138; 11; >; 1
221; "departure"; 12; 11; >; 2
222; "arrival"; 91; 11; >; 2
223; "departure"; 91; 11; >; 2
224; "arrival"; 42; 11; >; 2
225; "departure"; 42; 11; >; 2
226; "arrival"; 21; 11; >; 2
227; "departure"; 21; 11; >; 2
228; "arrival"; 11; 11; >; 2
229; "departure"; 11; 11; >; 2
230; "arrival"; 33; 11; >; 2
231; "departure"; 33; 11; >; 2
232; "arrival"; 137; 11; >; 2
233; "departure"; 137; 11; >; 2
234; "arrival"; 139; 11; >; 2
235; "departure"; 139; 11; >; 2
236; "arrival"; 140; 11; >; 2
237; "departure"; 140; 11; >; 2
238; "arrival"; 138; 11; >; 2
239; "departure"; 12; 12; >; 1
240; "arrival"; 91; 12; >; 1
241; "departure"; 91; 12; >; 1
242; "arrival"; 114; 12; >; 1
243; "departure"; 114; 12; >; 1
244; "arrival"; 42; 12; >; 1
245; "departure"; 42; 12; >; 1
246; "arrival"; 21; 12; >; 1
247; "departure"; 21; 12; >; 1
248; "arrival"; 11; 12; >; 1
249; "departure"; 11; 12; >; 1
250; "arrival"; 139; 12; >; 1
251; "departure"; 12; 12; >; 2
252; "arrival"; 91; 12; >; 2
253; "departure"; 91; 12; >; 2
254; "arrival"; 114; 12; >; 2
255; "departure"; 114; 12; >; 2
256; "arrival"; 42; 12; >; 2
257; "departure"; 42; 12; >; 2
258; "arrival"; 21; 12; >; 2
259; "departure"; 21; 12; >; 2
260; "arrival"; 11; 12; >; 2
261; "departure"; 11; 12; >; 2
262; "arrival"; 139; 12; >; 2
263; "departure"; 12; 13; >; 1
264; "arrival"; 71; 13; >; 1
265; "departure"; 71; 13; >; 1
266; "arrival"; 105; 13; >; 1
267; "departure"; 105; 13; >; 1
268; "arrival"; 1; 13; >; 1
269; "departure"; 1; 13; >; 1
270; "arrival"; 67; 13; >; 1
271; "departure"; 67; 13; >; 1
272; "arrival"; 139; 13; >; 1
273; "departure"; 12; 13; >; 2
274; "arrival"; 71; 13; >; 2
275; "departure"; 71; 13; >; 2
276; "arrival"; 105; 13; >; 2
277; "departure"; 105; 13; >; 2
278; "arrival"; 1; 13; >; 2
279; "departure"; 1; 13; >; 2
280; "arrival"; 67; 13; >; 2
281; "departure"; 67; 13; >; 2
282; "arrival"; 139; 13; >; 2
283; "departure"; 12; 14; >; 1
284; "arrival"; 139; 14; >; 1
285; "departure"; 12; 14; >; 2
286; "arrival"; 139; 14; >; 2
287; "departure"; 12; 14; >; 3
288; "arrival"; 139; 14; >; 3
289; "departure"; 12; 14; >; 4
290; "arrival"; 139; 14; >; 4
291; "departure"; 15; 15; >; 1
292; "arrival"; 75; 15; >; 1
293; "departure"; 75; 15; >; 1
294; "arrival"; 18; 15; >; 1
295; "departure"; 15; 15; >; 2
296; "arrival"; 75; 15; >; 2
297; "departure"; 75; 15; >; 2
298; "arrival"; 18; 15; >; 2
299; "departure"; 15; 15; >; 3
300; "arrival"; 75; 15; >; 3
301; "departure"; 75; 15; >; 3
302; "arrival"; 18; 15; >; 3
303; "departure"; 15; 15; >; 4
304; "arrival"; 75; 15; >; 4
305; "departure"; 75; 15; >; 4
306; "arrival"; 18; 15; >; 4
307; "departure"; 15; 16; >; 1
308; "arrival"; 24; 16; >; 1
309; "departure"; 24; 16; >; 1
310; "arrival"; 54; 16; >; 1
311; "departure"; 54; 16; >; 1
312; "arrival"; 63; 16; >; 1
313; "departure"; 63; 16; >; 1
314; "arrival"; 85; 16; >; 1
315; "departure"; 85; 16; >; 1
316; "arrival"; 137; 16; >; 1
317; "departure"; 137; 16; >; 1
318; "arrival"; 139; 16; >; 1
319; "departure"; 139; 16; >; 1
320; "arrival"; 117; 16; >; 1
321; "departure"; 117; 16; >; 1
322; "arrival"; 132; 16; >; 1
323; "departure"; 132; 16; >; 1
324; "arrival"; 87; 16; >; 1
325; "departure"; 87; 16; >; 1
326; "arrival"; 102; 16; >; 1
327; "departure"; 102; 16; >; 1
328; "arrival"; 134; 16; >; 1
329; "departure"; 134; 16; >; 1
330; "arrival"; 125; 16; >; 1
331; "departure"; 125; 16; >; 1
332; "arrival"; 98; 16; >; 1
333; "departure"; 98; 16; >; 1
334; "arrival"; 10; 16; >; 1
335; "departure"; 10; 16; >; 1
336; "arrival"; 62; 16; >; 1
337; "departure"; 62; 16; >; 1
338; "arrival"; 30; 16; >; 1
339; "departure"; 15; 16; >; 2
340; "arrival"; 24; 16; >; 2
341; "departure"; 24; 16; >; 2
342; "arrival"; 54; 16; >; 2
343; "departure"; 54; 16; >; 2
344; "arrival"; 63; 16; >; 2
345; "departure"; 63; 16; >; 2
346; "arrival"; 85; 16; >; 2
347; "departure"; 85; 16; >; 2
348; "arrival"; 137; 16; >; 2
349; "departure"; 137; 16; >; 2
350; "arrival"; 139; 16; >; 2
351; "departure"; 139; 16; >; 2
352; "arrival"; 117; 16; >; 2
353; "departure"; 117; 16; >; 2
354; "arrival"; 132; 16; >; 2
355; "departure"; 132; 16; >; 2
356; "arrival"; 87; 16; >; 2
357; "departure"; 87; 16; >; 2
358; "arrival"; 102; 16; >; 2
359; "departure"; 102; 16; >; 2
360; "arrival"; 134; 16; >; 2
361; "departure"; 134; 16; >; 2
362; "arrival"; 125; 16; >; 2
363; "departure"; 125; 16; >; 2
364; "arrival"; 98; 16; >; 2
365; "departure"; 98; 16; >; 2
366; "arrival"; 10; 16; >; 2
367; "departure"; 10; 16; >; 2
368; "arrival"; 62; 16; >; 2
369; "departure"; 62; 16; >; 2
370; "arrival"; 30; 16; >; 2
371; "departure"; 15; 17; >; 1
372; "arrival"; 58; 17; >; 1
373; "departure"; 58; 17; >; 1
374; "arrival"; 55; 17; >; 1
375; "departure"; 55; 17; >; 1
376; "arrival"; 81; 17; >; 1
377; "departure"; 81; 17; >; 1
378; "arrival"; 28; 17; >; 1
379; "departure"; 28; 17; >; 1
380; "arrival"; 68; 17; >; 1
381; "departure"; 68; 17; >; 1
382; "arrival"; 69; 17; >; 1
383; "departure"; 69; 17; >; 1
384; "arrival"; 61; 17; >; 1
385; "departure"; 15; 17; >; 2
386; "arrival"; 58; 17; >; 2
387; "departure"; 58; 17; >; 2
388; "arrival"; 55; 17; >; 2
389; "departure"; 55; 17; >; 2
390; "arrival"; 81; 17; >; 2
391; "departure"; 81; 17; >; 2
392; "arrival"; 28; 17; >; 2
393; "departure"; 28; 17; >; 2
394; "arrival"; 68; 17; >; 2
395; "departure"; 68; 17; >; 2
396; "arrival"; 69; 17; >; 2
397; "departure"; 69; 17; >; 2
398; "arrival"; 61; 17; >; 2
399; "departure"; 15; 18; >; 1
400; "arrival"; 24; 18; >; 1
401; "departure"; 24; 18; >; 1
402; "arrival"; 131; 18; >; 1
403; "departure"; 131; 18; >; 1
404; "arrival"; 54; 18; >; 1
405; "departure"; 54; 18; >; 1
406; "arrival"; 63; 18; >; 1
407; "departure"; 63; 18; >; 1
408; "arrival"; 85; 18; >; 1
409; "departure"; 15; 18; >; 2
410; "arrival"; 24; 18; >; 2
411; "departure"; 24; 18; >; 2
412; "arrival"; 131; 18; >; 2
413; "departure"; 131; 18; >; 2
414; "arrival"; 54; 18; >; 2
415; "departure"; 54; 18; >; 2
416; "arrival"; 63; 18; >; 2
417; "departure"; 63; 18; >; 2
418; "arrival"; 85; 18; >; 2
419; "departure"; 15; 19; >; 1
420; "arrival"; 85; 19; >; 1
421; "departure"; 85; 19; >; 1
422; "arrival"; 1; 19; >; 1
423; "departure"; 1; 19; >; 1
424; "arrival"; 21; 19; >; 1
425; "departure"; 21; 19; >; 1
426; "arrival"; 11; 19; >; 1
427; "departure"; 11; 19; >; 1
428; "arrival"; 139; 19; >; 1
429; "departure"; 15; 19; >; 2
430; "arrival"; 85; 19; >; 2
431; "departure"; 85; 19; >; 2
432; "arrival"; 1; 19; >; 2
433; "departure"; 1; 19; >; 2
434; "arrival"; 21; 19; >; 2
435; "departure"; 21; 19; >; 2
436; "arrival"; 11; 19; >; 2
437; "departure"; 11; 19; >; 2
438; "arrival"; 139; 19; >; 2
439; "departure"; 18; 20; >; 1
440; "arrival"; 49; 20; >; 1
441; "departure"; 49; 20; >; 1
442; "arrival"; 80; 20; >; 1
443; "departure"; 80; 20; >; 1
444; "arrival"; 32; 20; >; 1
445; "departure"; 32; 20; >; 1
446; "arrival"; 64; 20; >; 1
447; "departure"; 64; 20; >; 1
448; "arrival"; 12; 20; >; 1
449; "departure"; 18; 20; >; 2
450; "arrival"; 49; 20; >; 2
451; "departure"; 49; 20; >; 2
452; "arrival"; 80; 20; >; 2
453; "departure"; 80; 20; >; 2
454; "arrival"; 32; 20; >; 2
455; "departure"; 32; 20; >; 2
456; "arrival"; 64; 20; >; 2
457; "departure"; 64; 20; >; 2
458; "arrival"; 12; 20; >; 2
459; "departure"; 18; 21; >; 1
460; "arrival"; 75; 21; >; 1
461; "departure"; 75; 21; >; 1
462; "arrival"; 15; 21; >; 1
463; "departure"; 18; 21; >; 2
464; "arrival"; 75; 21; >; 2
465; "departure"; 75; 21; >; 2
466; "arrival"; 15; 21; >; 2
467; "departure"; 18; 21; >; 3
468; "arrival"; 75; 21; >; 3
469; "departure"; 75; 21; >; 3
470; "arrival"; 15; 21; >; 3
471; "departure"; 18; 21; >; 4
472; "arrival"; 75; 21; >; 4
473; "departure"; 75; 21; >; 4
474; "arrival"; 15; 21; >; 4
475; "departure"; 111; 22; >; 1
476; "arrival"; 110; 22; >; 1
477; "departure"; 110; 22; >; 1
478; "arrival"; 129; 22; >; 1
479; "departure"; 129; 22; >; 1
480; "arrival"; 138; 22; >; 1
481; "departure"; 138; 22; >; 1
482; "arrival"; 139; 22; >; 1
483; "departure"; 20; 23; >; 1
484; "arrival"; 124; 23; >; 1
485; "departure"; 124; 23; >; 1
486; "arrival"; 107; 23; >; 1
487; "departure"; 107; 23; >; 1
488; "arrival"; 118; 23; >; 1
489; "departure"; 118; 23; >; 1
490; "arrival"; 15; 23; >; 1
491; "departure"; 15; 23; >; 1
492; "arrival"; 85; 23; >; 1
493; "departure"; 85; 23; >; 1
494; "arrival"; 71; 23; >; 1
495; "departure"; 71; 23; >; 1
496; "arrival"; 12; 23; >; 1
497; "departure"; 20; 24; >; 1
498; "arrival"; 124; 24; >; 1
499; "departure"; 124; 24; >; 1
500; "arrival"; 103; 24; >; 1
501; "departure"; 103; 24; >; 1
502; "arrival"; 104; 24; >; 1
503; "departure"; 104; 24; >; 1
504; "arrival"; 76; 24; >; 1
505; "departure"; 76; 24; >; 1
506; "arrival"; 109; 24; >; 1
507; "departure"; 109; 24; >; 1
508; "arrival"; 2; 24; >; 1
509; "departure"; 2; 24; >; 1
510; "arrival"; 78; 24; >; 1
511; "departure"; 78; 24; >; 1
512; "arrival"; 123; 24; >; 1
513; "departure"; 123; 24; >; 1
514; "arrival"; 65; 24; >; 1
515; "departure"; 65; 24; >; 1
516; "arrival"; 44; 24; >; 1
517; "departure"; 44; 24; >; 1
518; "arrival"; 45; 24; >; 1
519; "departure"; 20; 24; >; 2
520; "arrival"; 124; 24; >; 2
521; "departure"; 124; 24; >; 2
522; "arrival"; 103; 24; >; 2
523; "departure"; 103; 24; >; 2
524; "arrival"; 104; 24; >; 2
525; "departure"; 104; 24; >; 2
526; "arrival"; 76; 24; >; 2
527; "departure"; 76; 24; >; 2
528; "arrival"; 109; 24; >; 2
529; "departure"; 109; 24; >; 2
530; "arrival"; 2; 24; >; 2
531; "departure"; 2; 24; >; 2
532; "arrival"; 78; 24; >; 2
533; "departure"; 78; 24; >; 2
534; "arrival"; 123; 24; >; 2
535; "departure"; 123; 24; >; 2
536; "arrival"; 65; 24; >; 2
537; "departure"; 65; 24; >; 2
538; "arrival"; 44; 24; >; 2
539; "departure"; 44; 24; >; 2
540; "arrival"; 45; 24; >; 2
541; "departure"; 20; 25; >; 1
542; "arrival"; 124; 25; >; 1
543; "departure"; 124; 25; >; 1
544; "arrival"; 70; 25; >; 1
545; "departure"; 70; 25; >; 1
546; "arrival"; 103; 25; >; 1
547; "departure"; 103; 25; >; 1
548; "arrival"; 104; 25; >; 1
549; "departure"; 104; 25; >; 1
550; "arrival"; 76; 25; >; 1
551; "departure"; 76; 25; >; 1
552; "arrival"; 2; 25; >; 1
553; "departure"; 2; 25; >; 1
554; "arrival"; 78; 25; >; 1
555; "departure"; 78; 25; >; 1
556; "arrival"; 123; 25; >; 1
557; "departure"; 123; 25; >; 1
558; "arrival"; 65; 25; >; 1
559; "departure"; 65; 25; >; 1
560; "arrival"; 79; 25; >; 1
561; "departure"; 79; 25; >; 1
562; "arrival"; 83; 25; >; 1
563; "departure"; 83; 25; >; 1
564; "arrival"; 44; 25; >; 1
565; "departure"; 44; 25; >; 1
566; "arrival"; 45; 25; >; 1
567; "departure"; 20; 25; >; 2
568; "arrival"; 124; 25; >; 2
569; "departure"; 124; 25; >; 2
570; "arrival"; 70; 25; >; 2
571; "departure"; 70; 25; >; 2
572; "arrival"; 103; 25; >; 2
573; "departure"; 103; 25; >; 2
574; "arrival"; 104; 25; >; 2
575; "departure"; 104; 25; >; 2
576; "arrival"; 76; 25; >; 2
577; "departure"; 76; 25; >; 2
578; "arrival"; 2; 25; >; 2
579; "departure"; 2; 25; >; 2
580; "arrival"; 78; 25; >; 2
581; "departure"; 78; 25; >; 2
582; "arrival"; 123; 25; >; 2
583; "departure"; 123; 25; >; 2
584; "arrival"; 65; 25; >; 2
585; "departure"; 65; 25; >; 2
586; "arrival"; 79; 25; >; 2
587; "departure"; 79; 25; >; 2
588; "arrival"; 83; 25; >; 2
589; "departure"; 83; 25; >; 2
590; "arrival"; 44; 25; >; 2
591; "departure"; 44; 25; >; 2
592; "arrival"; 45; 25; >; 2
593; "departure"; 20; 26; >; 1
594; "arrival"; 124; 26; >; 1
595; "departure"; 124; 26; >; 1
596; "arrival"; 107; 26; >; 1
597; "departure"; 107; 26; >; 1
598; "arrival"; 118; 26; >; 1
599; "departure"; 118; 26; >; 1
600; "arrival"; 15; 26; >; 1
601; "departure"; 15; 26; >; 1
602; "arrival"; 139; 26; >; 1
603; "departure"; 139; 26; >; 1
604; "arrival"; 138; 26; >; 1
605; "departure"; 138; 26; >; 1
606; "arrival"; 129; 26; >; 1
607; "departure"; 129; 26; >; 1
608; "arrival"; 40; 26; >; 1
609; "departure"; 40; 26; >; 1
610; "arrival"; 127; 26; >; 1
611; "departure"; 127; 26; >; 1
612; "arrival"; 7; 26; >; 1
613; "departure"; 7; 26; >; 1
614; "arrival"; 92; 26; >; 1
615; "departure"; 20; 26; >; 2
616; "arrival"; 124; 26; >; 2
617; "departure"; 124; 26; >; 2
618; "arrival"; 107; 26; >; 2
619; "departure"; 107; 26; >; 2
620; "arrival"; 118; 26; >; 2
621; "departure"; 118; 26; >; 2
622; "arrival"; 15; 26; >; 2
623; "departure"; 15; 26; >; 2
624; "arrival"; 139; 26; >; 2
625; "departure"; 139; 26; >; 2
626; "arrival"; 138; 26; >; 2
627; "departure"; 138; 26; >; 2
628; "arrival"; 129; 26; >; 2
629; "departure"; 129; 26; >; 2
630; "arrival"; 40; 26; >; 2
631; "departure"; 40; 26; >; 2
632; "arrival"; 127; 26; >; 2
633; "departure"; 127; 26; >; 2
634; "arrival"; 7; 26; >; 2
635; "departure"; 7; 26; >; 2
636; "arrival"; 92; 26; >; 2
637; "departure"; 30; 27; >; 1
638; "arrival"; 62; 27; >; 1
639; "departure"; 62; 27; >; 1
640; "arrival"; 98; 27; >; 1
641; "departure"; 98; 27; >; 1
642; "arrival"; 139; 27; >; 1
643; "departure"; 139; 27; >; 1
644; "arrival"; 12; 27; >; 1
645; "departure"; 30; 27; >; 2
646; "arrival"; 62; 27; >; 2
647; "departure"; 62; 27; >; 2
648; "arrival"; 98; 27; >; 2
649; "departure"; 98; 27; >; 2
650; "arrival"; 139; 27; >; 2
651; "departure"; 139; 27; >; 2
652; "arrival"; 12; 27; >; 2
653; "departure"; 30; 27; >; 3
654; "arrival"; 62; 27; >; 3
655; "departure"; 62; 27; >; 3
656; "arrival"; 98; 27; >; 3
657; "departure"; 98; 27; >; 3
658; "arrival"; 139; 27; >; 3
659; "departure"; 139; 27; >; 3
660; "arrival"; 12; 27; >; 3
661; "departure"; 30; 27; >; 4
662; "arrival"; 62; 27; >; 4
663; "departure"; 62; 27; >; 4
664; "arrival"; 98; 27; >; 4
665; "departure"; 98; 27; >; 4
666; "arrival"; 139; 27; >; 4
667; "departure"; 139; 27; >; 4
668; "arrival"; 12; 27; >; 4
669; "departure"; 30; 28; >; 1
670; "arrival"; 62; 28; >; 1
671; "departure"; 62; 28; >; 1
672; "arrival"; 10; 28; >; 1
673; "departure"; 10; 28; >; 1
674; "arrival"; 98; 28; >; 1
675; "departure"; 98; 28; >; 1
676; "arrival"; 125; 28; >; 1
677; "departure"; 125; 28; >; 1
678; "arrival"; 134; 28; >; 1
679; "departure"; 134; 28; >; 1
680; "arrival"; 102; 28; >; 1
681; "departure"; 102; 28; >; 1
682; "arrival"; 87; 28; >; 1
683; "departure"; 87; 28; >; 1
684; "arrival"; 132; 28; >; 1
685; "departure"; 132; 28; >; 1
686; "arrival"; 117; 28; >; 1
687; "departure"; 117; 28; >; 1
688; "arrival"; 139; 28; >; 1
689; "departure"; 139; 28; >; 1
690; "arrival"; 137; 28; >; 1
691; "departure"; 137; 28; >; 1
692; "arrival"; 85; 28; >; 1
693; "departure"; 85; 28; >; 1
694; "arrival"; 63; 28; >; 1
695; "departure"; 63; 28; >; 1
696; "arrival"; 54; 28; >; 1
697; "departure"; 54; 28; >; 1
698; "arrival"; 24; 28; >; 1
699; "departure"; 24; 28; >; 1
700; "arrival"; 15; 28; >; 1
701; "departure"; 30; 28; >; 2
702; "arrival"; 62; 28; >; 2
703; "departure"; 62; 28; >; 2
704; "arrival"; 10; 28; >; 2
705; "departure"; 10; 28; >; 2
706; "arrival"; 98; 28; >; 2
707; "departure"; 98; 28; >; 2
708; "arrival"; 125; 28; >; 2
709; "departure"; 125; 28; >; 2
710; "arrival"; 134; 28; >; 2
711; "departure"; 134; 28; >; 2
712; "arrival"; 102; 28; >; 2
713; "departure"; 102; 28; >; 2
714; "arrival"; 87; 28; >; 2
715; "departure"; 87; 28; >; 2
716; "arrival"; 132; 28; >; 2
717; "departure"; 132; 28; >; 2
718; "arrival"; 117; 28; >; 2
719; "departure"; 117; 28; >; 2
720; "arrival"; 139; 28; >; 2
721; "departure"; 139; 28; >; 2
722; "arrival"; 137; 28; >; 2
723; "departure"; 137; 28; >; 2
724; "arrival"; 85; 28; >; 2
725; "departure"; 85; 28; >; 2
726; "arrival"; 63; 28; >; 2
727; "departure"; 63; 28; >; 2
728; "arrival"; 54; 28; >; 2
729; "departure"; 54; 28; >; 2
730; "arrival"; 24; 28; >; 2
731; "departure"; 24; 28; >; 2
732; "arrival"; 15; 28; >; 2
733; "departure"; 30; 29; >; 1
734; "arrival"; 90; 29; >; 1
735; "departure"; 90; 29; >; 1
736; "arrival"; 119; 29; >; 1
737; "departure"; 119; 29; >; 1
738; "arrival"; 120; 29; >; 1
739; "departure"; 120; 29; >; 1
740; "arrival"; 37; 29; >; 1
741; "departure"; 37; 29; >; 1
742; "arrival"; 14; 29; >; 1
743; "departure"; 14; 29; >; 1
744; "arrival"; 88; 29; >; 1
745; "departure"; 88; 29; >; 1
746; "arrival"; 108; 29; >; 1
747; "departure"; 108; 29; >; 1
748; "arrival"; 97; 29; >; 1
749; "departure"; 97; 29; >; 1
750; "arrival"; 27; 29; >; 1
751; "departure"; 27; 29; >; 1
752; "arrival"; 112; 29; >; 1
753; "departure"; 30; 29; >; 2
754; "arrival"; 90; 29; >; 2
755; "departure"; 90; 29; >; 2
756; "arrival"; 119; 29; >; 2
757; "departure"; 119; 29; >; 2
758; "arrival"; 120; 29; >; 2
759; "departure"; 120; 29; >; 2
760; "arrival"; 37; 29; >; 2
761; "departure"; 37; 29; >; 2
762; "arrival"; 14; 29; >; 2
763; "departure"; 14; 29; >; 2
764; "arrival"; 88; 29; >; 2
765; "departure"; 88; 29; >; 2
766; "arrival"; 108; 29; >; 2
767; "departure"; 108; 29; >; 2
768; "arrival"; 97; 29; >; 2
769; "departure"; 97; 29; >; 2
770; "arrival"; 27; 29; >; 2
771; "departure"; 27; 29; >; 2
772; "arrival"; 112; 29; >; 2
773; "departure"; 30; 30; >; 1
774; "arrival"; 90; 30; >; 1
775; "departure"; 90; 30; >; 1
776; "arrival"; 119; 30; >; 1
777; "departure"; 119; 30; >; 1
778; "arrival"; 120; 30; >; 1
779; "departure"; 120; 30; >; 1
780; "arrival"; 37; 30; >; 1
781; "departure"; 37; 30; >; 1
782; "arrival"; 14; 30; >; 1
783; "departure"; 14; 30; >; 1
784; "arrival"; 88; 30; >; 1
785; "departure"; 88; 30; >; 1
786; "arrival"; 97; 30; >; 1
787; "departure"; 97; 30; >; 1
788; "arrival"; 27; 30; >; 1
789; "departure"; 27; 30; >; 1
790; "arrival"; 112; 30; >; 1
791; "departure"; 30; 30; >; 2
792; "arrival"; 90; 30; >; 2
793; "departure"; 90; 30; >; 2
794; "arrival"; 119; 30; >; 2
795; "departure"; 119; 30; >; 2
796; "arrival"; 120; 30; >; 2
797; "departure"; 120; 30; >; 2
798; "arrival"; 37; 30; >; 2
799; "departure"; 37; 30; >; 2
800; "arrival"; 14; 30; >; 2
801; "departure"; 14; 30; >; 2
802; "arrival"; 88; 30; >; 2
803; "departure"; 88; 30; >; 2
804; "arrival"; 97; 30; >; 2
805; "departure"; 97; 30; >; 2
806; "arrival"; 27; 30; >; 2
807; "departure"; 27; 30; >; 2
808; "arrival"; 112; 30; >; 2
809; "departure"; 30; 31; >; 1
810; "arrival"; 62; 31; >; 1
811; "departure"; 62; 31; >; 1
812; "arrival"; 10; 31; >; 1
813; "departure"; 10; 31; >; 1
814; "arrival"; 98; 31; >; 1
815; "departure"; 98; 31; >; 1
816; "arrival"; 23; 31; >; 1
817; "departure"; 23; 31; >; 1
818; "arrival"; 5; 31; >; 1
819; "departure"; 5; 31; >; 1
820; "arrival"; 52; 31; >; 1
821; "departure"; 52; 31; >; 1
822; "arrival"; 111; 31; >; 1
823; "departure"; 111; 31; >; 1
824; "arrival"; 94; 31; >; 1
825; "departure"; 94; 31; >; 1
826; "arrival"; 110; 31; >; 1
827; "departure"; 110; 31; >; 1
828; "arrival"; 47; 31; >; 1
829; "departure"; 47; 31; >; 1
830; "arrival"; 38; 31; >; 1
831; "departure"; 38; 31; >; 1
832; "arrival"; 122; 31; >; 1
833; "departure"; 122; 31; >; 1
834; "arrival"; 128; 31; >; 1
835; "departure"; 128; 31; >; 1
836; "arrival"; 129; 31; >; 1
837; "departure"; 129; 31; >; 1
838; "arrival"; 138; 31; >; 1
839; "departure"; 138; 31; >; 1
840; "arrival"; 140; 31; >; 1
841; "departure"; 140; 31; >; 1
842; "arrival"; 139; 31; >; 1
843; "departure"; 30; 31; >; 2
844; "arrival"; 62; 31; >; 2
845; "departure"; 62; 31; >; 2
846; "arrival"; 10; 31; >; 2
847; "departure"; 10; 31; >; 2
848; "arrival"; 98; 31; >; 2
849; "departure"; 98; 31; >; 2
850; "arrival"; 23; 31; >; 2
851; "departure"; 23; 31; >; 2
852; "arrival"; 5; 31; >; 2
853; "departure"; 5; 31; >; 2
854; "arrival"; 52; 31; >; 2
855; "departure"; 52; 31; >; 2
856; "arrival"; 111; 31; >; 2
857; "departure"; 111; 31; >; 2
858; "arrival"; 94; 31; >; 2
859; "departure"; 94; 31; >; 2
860; "arrival"; 110; 31; >; 2
861; "departure"; 110; 31; >; 2
862; "arrival"; 47; 31; >; 2
863; "departure"; 47; 31; >; 2
864; "arrival"; 38; 31; >; 2
865; "departure"; 38; 31; >; 2
866; "arrival"; 122; 31; >; 2
867; "departure"; 122; 31; >; 2
868; "arrival"; 128; 31; >; 2
869; "departure"; 128; 31; >; 2
870; "arrival"; 129; 31; >; 2
871; "departure"; 129; 31; >; 2
872; "arrival"; 138; 31; >; 2
873; "departure"; 138; 31; >; 2
874; "arrival"; 140; 31; >; 2
875; "departure"; 140; 31; >; 2
876; "arrival"; 139; 31; >; 2
877; "departure"; 30; 32; >; 1
878; "arrival"; 62; 32; >; 1
879; "departure"; 62; 32; >; 1
880; "arrival"; 98; 32; >; 1
881; "departure"; 98; 32; >; 1
882; "arrival"; 139; 32; >; 1
883; "departure"; 30; 32; >; 2
884; "arrival"; 62; 32; >; 2
885; "departure"; 62; 32; >; 2
886; "arrival"; 98; 32; >; 2
887; "departure"; 98; 32; >; 2
888; "arrival"; 139; 32; >; 2
889; "departure"; 30; 32; >; 3
890; "arrival"; 62; 32; >; 3
891; "departure"; 62; 32; >; 3
892; "arrival"; 98; 32; >; 3
893; "departure"; 98; 32; >; 3
894; "arrival"; 139; 32; >; 3
895; "departure"; 30; 32; >; 4
896; "arrival"; 62; 32; >; 4
897; "departure"; 62; 32; >; 4
898; "arrival"; 98; 32; >; 4
899; "departure"; 98; 32; >; 4
900; "arrival"; 139; 32; >; 4
901; "departure"; 29; 33; >; 1
902; "arrival"; 72; 33; >; 1
903; "departure"; 72; 33; >; 1
904; "arrival"; 13; 33; >; 1
905; "departure"; 13; 33; >; 1
906; "arrival"; 8; 33; >; 1
907; "departure"; 8; 33; >; 1
908; "arrival"; 136; 33; >; 1
909; "departure"; 136; 33; >; 1
910; "arrival"; 139; 33; >; 1
911; "departure"; 29; 33; >; 2
912; "arrival"; 72; 33; >; 2
913; "departure"; 72; 33; >; 2
914; "arrival"; 13; 33; >; 2
915; "departure"; 13; 33; >; 2
916; "arrival"; 8; 33; >; 2
917; "departure"; 8; 33; >; 2
918; "arrival"; 136; 33; >; 2
919; "departure"; 136; 33; >; 2
920; "arrival"; 139; 33; >; 2
921; "departure"; 34; 34; >; 1
922; "arrival"; 48; 34; >; 1
923; "departure"; 48; 34; >; 1
924; "arrival"; 130; 34; >; 1
925; "departure"; 130; 34; >; 1
926; "arrival"; 82; 34; >; 1
927; "departure"; 82; 34; >; 1
928; "arrival"; 31; 34; >; 1
929; "departure"; 31; 34; >; 1
930; "arrival"; 113; 34; >; 1
931; "departure"; 113; 34; >; 1
932; "arrival"; 73; 34; >; 1
933; "departure"; 34; 34; >; 2
934; "arrival"; 48; 34; >; 2
935; "departure"; 48; 34; >; 2
936; "arrival"; 130; 34; >; 2
937; "departure"; 130; 34; >; 2
938; "arrival"; 82; 34; >; 2
939; "departure"; 82; 34; >; 2
940; "arrival"; 31; 34; >; 2
941; "departure"; 31; 34; >; 2
942; "arrival"; 113; 34; >; 2
943; "departure"; 113; 34; >; 2
944; "arrival"; 73; 34; >; 2
945; "departure"; 23; 35; >; 1
946; "arrival"; 98; 35; >; 1
947; "departure"; 98; 35; >; 1
948; "arrival"; 139; 35; >; 1
949; "departure"; 45; 36; >; 1
950; "arrival"; 44; 36; >; 1
951; "departure"; 44; 36; >; 1
952; "arrival"; 65; 36; >; 1
953; "departure"; 65; 36; >; 1
954; "arrival"; 123; 36; >; 1
955; "departure"; 123; 36; >; 1
956; "arrival"; 78; 36; >; 1
957; "departure"; 78; 36; >; 1
958; "arrival"; 2; 36; >; 1
959; "departure"; 2; 36; >; 1
960; "arrival"; 109; 36; >; 1
961; "departure"; 109; 36; >; 1
962; "arrival"; 76; 36; >; 1
963; "departure"; 76; 36; >; 1
964; "arrival"; 104; 36; >; 1
965; "departure"; 104; 36; >; 1
966; "arrival"; 103; 36; >; 1
967; "departure"; 103; 36; >; 1
968; "arrival"; 124; 36; >; 1
969; "departure"; 124; 36; >; 1
970; "arrival"; 20; 36; >; 1
971; "departure"; 45; 36; >; 2
972; "arrival"; 44; 36; >; 2
973; "departure"; 44; 36; >; 2
974; "arrival"; 65; 36; >; 2
975; "departure"; 65; 36; >; 2
976; "arrival"; 123; 36; >; 2
977; "departure"; 123; 36; >; 2
978; "arrival"; 78; 36; >; 2
979; "departure"; 78; 36; >; 2
980; "arrival"; 2; 36; >; 2
981; "departure"; 2; 36; >; 2
982; "arrival"; 109; 36; >; 2
983; "departure"; 109; 36; >; 2
984; "arrival"; 76; 36; >; 2
985; "departure"; 76; 36; >; 2
986; "arrival"; 104; 36; >; 2
987; "departure"; 104; 36; >; 2
988; "arrival"; 103; 36; >; 2
989; "departure"; 103; 36; >; 2
990; "arrival"; 124; 36; >; 2
991; "departure"; 124; 36; >; 2
992; "arrival"; 20; 36; >; 2
993; "departure"; 45; 37; >; 1
994; "arrival"; 44; 37; >; 1
995; "departure"; 44; 37; >; 1
996; "arrival"; 83; 37; >; 1
997; "departure"; 83; 37; >; 1
998; "arrival"; 79; 37; >; 1
999; "departure"; 79; 37; >; 1
1000; "arrival"; 65; 37; >; 1
1001; "departure"; 65; 37; >; 1
1002; "arrival"; 123; 37; >; 1
1003; "departure"; 123; 37; >; 1
1004; "arrival"; 78; 37; >; 1
1005; "departure"; 78; 37; >; 1
1006; "arrival"; 2; 37; >; 1
1007; "departure"; 2; 37; >; 1
1008; "arrival"; 76; 37; >; 1
1009; "departure"; 76; 37; >; 1
1010; "arrival"; 104; 37; >; 1
1011; "departure"; 104; 37; >; 1
1012; "arrival"; 103; 37; >; 1
1013; "departure"; 103; 37; >; 1
1014; "arrival"; 70; 37; >; 1
1015; "departure"; 70; 37; >; 1
1016; "arrival"; 124; 37; >; 1
1017; "departure"; 124; 37; >; 1
1018; "arrival"; 20; 37; >; 1
1019; "departure"; 45; 37; >; 2
1020; "arrival"; 44; 37; >; 2
1021; "departure"; 44; 37; >; 2
1022; "arrival"; 83; 37; >; 2
1023; "departure"; 83; 37; >; 2
1024; "arrival"; 79; 37; >; 2
1025; "departure"; 79; 37; >; 2
1026; "arrival"; 65; 37; >; 2
1027; "departure"; 65; 37; >; 2
1028; "arrival"; 123; 37; >; 2
1029; "departure"; 123; 37; >; 2
1030; "arrival"; 78; 37; >; 2
1031; "departure"; 78; 37; >; 2
1032; "arrival"; 2; 37; >; 2
1033; "departure"; 2; 37; >; 2
1034; "arrival"; 76; 37; >; 2
1035; "departure"; 76; 37; >; 2
1036; "arrival"; 104; 37; >; 2
1037; "departure"; 104; 37; >; 2
1038; "arrival"; 103; 37; >; 2
1039; "departure"; 103; 37; >; 2
1040; "arrival"; 70; 37; >; 2
1041; "departure"; 70; 37; >; 2
1042; "arrival"; 124; 37; >; 2
1043; "departure"; 124; 37; >; 2
1044; "arrival"; 20; 37; >; 2
1045; "departure"; 45; 38; >; 1
1046; "arrival"; 44; 38; >; 1
1047; "departure"; 44; 38; >; 1
1048; "arrival"; 83; 38; >; 1
1049; "departure"; 83; 38; >; 1
1050; "arrival"; 79; 38; >; 1
1051; "departure"; 79; 38; >; 1
1052; "arrival"; 65; 38; >; 1
1053; "departure"; 65; 38; >; 1
1054; "arrival"; 86; 38; >; 1
1055; "departure"; 86; 38; >; 1
1056; "arrival"; 93; 38; >; 1
1057; "departure"; 93; 38; >; 1
1058; "arrival"; 41; 38; >; 1
1059; "departure"; 41; 38; >; 1
1060; "arrival"; 15; 38; >; 1
1061; "departure"; 15; 38; >; 1
1062; "arrival"; 135; 38; >; 1
1063; "departure"; 135; 38; >; 1
1064; "arrival"; 115; 38; >; 1
1065; "departure"; 115; 38; >; 1
1066; "arrival"; 73; 38; >; 1
1067; "departure"; 45; 38; >; 2
1068; "arrival"; 44; 38; >; 2
1069; "departure"; 44; 38; >; 2
1070; "arrival"; 83; 38; >; 2
1071; "departure"; 83; 38; >; 2
1072; "arrival"; 79; 38; >; 2
1073; "departure"; 79; 38; >; 2
1074; "arrival"; 65; 38; >; 2
1075; "departure"; 65; 38; >; 2
1076; "arrival"; 86; 38; >; 2
1077; "departure"; 86; 38; >; 2
1078; "arrival"; 93; 38; >; 2
1079; "departure"; 93; 38; >; 2
1080; "arrival"; 41; 38; >; 2
1081; "departure"; 41; 38; >; 2
1082; "arrival"; 15; 38; >; 2
1083; "departure"; 15; 38; >; 2
1084; "arrival"; 135; 38; >; 2
1085; "departure"; 135; 38; >; 2
1086; "arrival"; 115; 38; >; 2
1087; "departure"; 115; 38; >; 2
1088; "arrival"; 73; 38; >; 2
1089; "departure"; 45; 39; >; 1
1090; "arrival"; 44; 39; >; 1
1091; "departure"; 44; 39; >; 1
1092; "arrival"; 79; 39; >; 1
1093; "departure"; 79; 39; >; 1
1094; "arrival"; 133; 39; >; 1
1095; "departure"; 133; 39; >; 1
1096; "arrival"; 81; 39; >; 1
1097; "departure"; 81; 39; >; 1
1098; "arrival"; 18; 39; >; 1
1099; "departure"; 18; 39; >; 1
1100; "arrival"; 106; 39; >; 1
1101; "departure"; 106; 39; >; 1
1102; "arrival"; 85; 39; >; 1
1103; "departure"; 85; 39; >; 1
1104; "arrival"; 1; 39; >; 1
1105; "departure"; 1; 39; >; 1
1106; "arrival"; 139; 39; >; 1
1107; "departure"; 139; 39; >; 1
1108; "arrival"; 138; 39; >; 1
1109; "departure"; 138; 39; >; 1
1110; "arrival"; 129; 39; >; 1
1111; "departure"; 129; 39; >; 1
1112; "arrival"; 110; 39; >; 1
1113; "departure"; 110; 39; >; 1
1114; "arrival"; 94; 39; >; 1
1115; "departure"; 45; 39; >; 2
1116; "arrival"; 44; 39; >; 2
1117; "departure"; 44; 39; >; 2
1118; "arrival"; 79; 39; >; 2
1119; "departure"; 79; 39; >; 2
1120; "arrival"; 133; 39; >; 2
1121; "departure"; 133; 39; >; 2
1122; "arrival"; 81; 39; >; 2
1123; "departure"; 81; 39; >; 2
1124; "arrival"; 18; 39; >; 2
1125; "departure"; 18; 39; >; 2
1126; "arrival"; 106; 39; >; 2
1127; "departure"; 106; 39; >; 2
1128; "arrival"; 85; 39; >; 2
1129; "departure"; 85; 39; >; 2
1130; "arrival"; 1; 39; >; 2
1131; "departure"; 1; 39; >; 2
1132; "arrival"; 139; 39; >; 2
1133; "departure"; 139; 39; >; 2
1134; "arrival"; 138; 39; >; 2
1135; "departure"; 138; 39; >; 2
1136; "arrival"; 129; 39; >; 2
1137; "departure"; 129; 39; >; 2
1138; "arrival"; 110; 39; >; 2
1139; "departure"; 110; 39; >; 2
1140; "arrival"; 94; 39; >; 2
1141; "departure"; 45; 40; >; 1
1142; "arrival"; 44; 40; >; 1
1143; "departure"; 44; 40; >; 1
1144; "arrival"; 65; 40; >; 1
1145; "departure"; 65; 40; >; 1
1146; "arrival"; 41; 40; >; 1
1147; "departure"; 41; 40; >; 1
1148; "arrival"; 15; 40; >; 1
1149; "departure"; 15; 40; >; 1
1150; "arrival"; 139; 40; >; 1
1151; "departure"; 139; 40; >; 1
1152; "arrival"; 140; 40; >; 1
1153; "departure"; 140; 40; >; 1
1154; "arrival"; 138; 40; >; 1
1155; "departure"; 138; 40; >; 1
1156; "arrival"; 129; 40; >; 1
1157; "departure"; 129; 40; >; 1
1158; "arrival"; 128; 40; >; 1
1159; "departure"; 128; 40; >; 1
1160; "arrival"; 122; 40; >; 1
1161; "departure"; 122; 40; >; 1
1162; "arrival"; 38; 40; >; 1
1163; "departure"; 38; 40; >; 1
1164; "arrival"; 47; 40; >; 1
1165; "departure"; 47; 40; >; 1
1166; "arrival"; 110; 40; >; 1
1167; "departure"; 45; 40; >; 2
1168; "arrival"; 44; 40; >; 2
1169; "departure"; 44; 40; >; 2
1170; "arrival"; 65; 40; >; 2
1171; "departure"; 65; 40; >; 2
1172; "arrival"; 41; 40; >; 2
1173; "departure"; 41; 40; >; 2
1174; "arrival"; 15; 40; >; 2
1175; "departure"; 15; 40; >; 2
1176; "arrival"; 139; 40; >; 2
1177; "departure"; 139; 40; >; 2
1178; "arrival"; 140; 40; >; 2
1179; "departure"; 140; 40; >; 2
1180; "arrival"; 138; 40; >; 2
1181; "departure"; 138; 40; >; 2
1182; "arrival"; 129; 40; >; 2
1183; "departure"; 129; 40; >; 2
1184; "arrival"; 128; 40; >; 2
1185; "departure"; 128; 40; >; 2
1186; "arrival"; 122; 40; >; 2
1187; "departure"; 122; 40; >; 2
1188; "arrival"; 38; 40; >; 2
1189; "departure"; 38; 40; >; 2
1190; "arrival"; 47; 40; >; 2
1191; "departure"; 47; 40; >; 2
1192; "arrival"; 110; 40; >; 2
1193; "departure"; 56; 41; >; 1
1194; "arrival"; 57; 41; >; 1
1195; "departure"; 57; 41; >; 1
1196; "arrival"; 107; 41; >; 1
1197; "departure"; 107; 41; >; 1
1198; "arrival"; 118; 41; >; 1
1199; "departure"; 118; 41; >; 1
1200; "arrival"; 15; 41; >; 1
1201; "departure"; 15; 41; >; 1
1202; "arrival"; 85; 41; >; 1
1203; "departure"; 85; 41; >; 1
1204; "arrival"; 12; 41; >; 1
1205; "departure"; 56; 42; >; 1
1206; "arrival"; 57; 42; >; 1
1207; "departure"; 57; 42; >; 1
1208; "arrival"; 107; 42; >; 1
1209; "departure"; 107; 42; >; 1
1210; "arrival"; 118; 42; >; 1
1211; "departure"; 118; 42; >; 1
1212; "arrival"; 15; 42; >; 1
1213; "departure"; 15; 42; >; 1
1214; "arrival"; 139; 42; >; 1
1215; "departure"; 139; 42; >; 1
1216; "arrival"; 138; 42; >; 1
1217; "departure"; 138; 42; >; 1
1218; "arrival"; 129; 42; >; 1
1219; "departure"; 129; 42; >; 1
1220; "arrival"; 40; 42; >; 1
1221; "departure"; 40; 42; >; 1
1222; "arrival"; 127; 42; >; 1
1223; "departure"; 127; 42; >; 1
1224; "arrival"; 7; 42; >; 1
1225; "departure"; 7; 42; >; 1
1226; "arrival"; 92; 42; >; 1
1227; "departure"; 59; 43; >; 1
1228; "arrival"; 127; 43; >; 1
1229; "departure"; 127; 43; >; 1
1230; "arrival"; 40; 43; >; 1
1231; "departure"; 40; 43; >; 1
1232; "arrival"; 129; 43; >; 1
1233; "departure"; 129; 43; >; 1
1234; "arrival"; 138; 43; >; 1
1235; "departure"; 138; 43; >; 1
1236; "arrival"; 139; 43; >; 1
1237; "departure"; 139; 43; >; 1
1238; "arrival"; 117; 43; >; 1
1239; "departure"; 117; 43; >; 1
1240; "arrival"; 9; 43; >; 1
1241; "departure"; 9; 43; >; 1
1242; "arrival"; 136; 43; >; 1
1243; "departure"; 136; 43; >; 1
1244; "arrival"; 96; 43; >; 1
1245; "departure"; 96; 43; >; 1
1246; "arrival"; 73; 43; >; 1
1247; "departure"; 59; 43; >; 2
1248; "arrival"; 127; 43; >; 2
1249; "departure"; 127; 43; >; 2
1250; "arrival"; 40; 43; >; 2
1251; "departure"; 40; 43; >; 2
1252; "arrival"; 129; 43; >; 2
1253; "departure"; 129; 43; >; 2
1254; "arrival"; 138; 43; >; 2
1255; "departure"; 138; 43; >; 2
1256; "arrival"; 139; 43; >; 2
1257; "departure"; 139; 43; >; 2
1258; "arrival"; 117; 43; >; 2
1259; "departure"; 117; 43; >; 2
1260; "arrival"; 9; 43; >; 2
1261; "departure"; 9; 43; >; 2
1262; "arrival"; 136; 43; >; 2
1263; "departure"; 136; 43; >; 2
1264; "arrival"; 96; 43; >; 2
1265; "departure"; 96; 43; >; 2
1266; "arrival"; 73; 43; >; 2
1267; "departure"; 61; 44; >; 1
1268; "arrival"; 69; 44; >; 1
1269; "departure"; 69; 44; >; 1
1270; "arrival"; 68; 44; >; 1
1271; "departure"; 68; 44; >; 1
1272; "arrival"; 28; 44; >; 1
1273; "departure"; 28; 44; >; 1
1274; "arrival"; 81; 44; >; 1
1275; "departure"; 81; 44; >; 1
1276; "arrival"; 55; 44; >; 1
1277; "departure"; 55; 44; >; 1
1278; "arrival"; 58; 44; >; 1
1279; "departure"; 58; 44; >; 1
1280; "arrival"; 15; 44; >; 1
1281; "departure"; 61; 44; >; 2
1282; "arrival"; 69; 44; >; 2
1283; "departure"; 69; 44; >; 2
1284; "arrival"; 68; 44; >; 2
1285; "departure"; 68; 44; >; 2
1286; "arrival"; 28; 44; >; 2
1287; "departure"; 28; 44; >; 2
1288; "arrival"; 81; 44; >; 2
1289; "departure"; 81; 44; >; 2
1290; "arrival"; 55; 44; >; 2
1291; "departure"; 55; 44; >; 2
1292; "arrival"; 58; 44; >; 2
1293; "departure"; 58; 44; >; 2
1294; "arrival"; 15; 44; >; 2
1295; "departure"; 65; 45; >; 1
1296; "arrival"; 133; 45; >; 1
1297; "departure"; 133; 45; >; 1
1298; "arrival"; 81; 45; >; 1
1299; "departure"; 81; 45; >; 1
1300; "arrival"; 18; 45; >; 1
1301; "departure"; 18; 45; >; 1
1302; "arrival"; 50; 45; >; 1
1303; "departure"; 50; 45; >; 1
1304; "arrival"; 106; 45; >; 1
1305; "departure"; 106; 45; >; 1
1306; "arrival"; 84; 45; >; 1
1307; "departure"; 84; 45; >; 1
1308; "arrival"; 85; 45; >; 1
1309; "departure"; 85; 45; >; 1
1310; "arrival"; 139; 45; >; 1
1311; "departure"; 65; 45; >; 2
1312; "arrival"; 133; 45; >; 2
1313; "departure"; 133; 45; >; 2
1314; "arrival"; 81; 45; >; 2
1315; "departure"; 81; 45; >; 2
1316; "arrival"; 18; 45; >; 2
1317; "departure"; 18; 45; >; 2
1318; "arrival"; 50; 45; >; 2
1319; "departure"; 50; 45; >; 2
1320; "arrival"; 106; 45; >; 2
1321; "departure"; 106; 45; >; 2
1322; "arrival"; 84; 45; >; 2
1323; "departure"; 84; 45; >; 2
1324; "arrival"; 85; 45; >; 2
1325; "departure"; 85; 45; >; 2
1326; "arrival"; 139; 45; >; 2
1327; "departure"; 72; 46; >; 1
1328; "arrival"; 13; 46; >; 1
1329; "departure"; 13; 46; >; 1
1330; "arrival"; 8; 46; >; 1
1331; "departure"; 8; 46; >; 1
1332; "arrival"; 136; 46; >; 1
1333; "departure"; 136; 46; >; 1
1334; "arrival"; 139; 46; >; 1
1335; "departure"; 73; 47; >; 1
1336; "arrival"; 115; 47; >; 1
1337; "departure"; 115; 47; >; 1
1338; "arrival"; 135; 47; >; 1
1339; "departure"; 135; 47; >; 1
1340; "arrival"; 85; 47; >; 1
1341; "departure"; 85; 47; >; 1
1342; "arrival"; 43; 47; >; 1
1343; "departure"; 43; 47; >; 1
1344; "arrival"; 105; 47; >; 1
1345; "departure"; 105; 47; >; 1
1346; "arrival"; 71; 47; >; 1
1347; "departure"; 71; 47; >; 1
1348; "arrival"; 12; 47; >; 1
1349; "departure"; 73; 47; >; 2
1350; "arrival"; 115; 47; >; 2
1351; "departure"; 115; 47; >; 2
1352; "arrival"; 135; 47; >; 2
1353; "departure"; 135; 47; >; 2
1354; "arrival"; 85; 47; >; 2
1355; "departure"; 85; 47; >; 2
1356; "arrival"; 43; 47; >; 2
1357; "departure"; 43; 47; >; 2
1358; "arrival"; 105; 47; >; 2
1359; "departure"; 105; 47; >; 2
1360; "arrival"; 71; 47; >; 2
1361; "departure"; 71; 47; >; 2
1362; "arrival"; 12; 47; >; 2
1363; "departure"; 73; 48; >; 1
1364; "arrival"; 113; 48; >; 1
1365; "departure"; 113; 48; >; 1
1366; "arrival"; 31; 48; >; 1
1367; "departure"; 31; 48; >; 1
1368; "arrival"; 82; 48; >; 1
1369; "departure"; 82; 48; >; 1
1370; "arrival"; 130; 48; >; 1
1371; "departure"; 130; 48; >; 1
1372; "arrival"; 48; 48; >; 1
1373; "departure"; 48; 48; >; 1
1374; "arrival"; 34; 48; >; 1
1375; "departure"; 73; 48; >; 2
1376; "arrival"; 113; 48; >; 2
1377; "departure"; 113; 48; >; 2
1378; "arrival"; 31; 48; >; 2
1379; "departure"; 31; 48; >; 2
1380; "arrival"; 82; 48; >; 2
1381; "departure"; 82; 48; >; 2
1382; "arrival"; 130; 48; >; 2
1383; "departure"; 130; 48; >; 2
1384; "arrival"; 48; 48; >; 2
1385; "departure"; 48; 48; >; 2
1386; "arrival"; 34; 48; >; 2
1387; "departure"; 73; 49; >; 1
1388; "arrival"; 115; 49; >; 1
1389; "departure"; 115; 49; >; 1
1390; "arrival"; 135; 49; >; 1
1391; "departure"; 135; 49; >; 1
1392; "arrival"; 15; 49; >; 1
1393; "departure"; 15; 49; >; 1
1394; "arrival"; 41; 49; >; 1
1395; "departure"; 41; 49; >; 1
1396; "arrival"; 93; 49; >; 1
1397; "departure"; 93; 49; >; 1
1398; "arrival"; 86; 49; >; 1
1399; "departure"; 86; 49; >; 1
1400; "arrival"; 65; 49; >; 1
1401; "departure"; 65; 49; >; 1
1402; "arrival"; 79; 49; >; 1
1403; "departure"; 79; 49; >; 1
1404; "arrival"; 83; 49; >; 1
1405; "departure"; 83; 49; >; 1
1406; "arrival"; 44; 49; >; 1
1407; "departure"; 44; 49; >; 1
1408; "arrival"; 45; 49; >; 1
1409; "departure"; 73; 49; >; 2
1410; "arrival"; 115; 49; >; 2
1411; "departure"; 115; 49; >; 2
1412; "arrival"; 135; 49; >; 2
1413; "departure"; 135; 49; >; 2
1414; "arrival"; 15; 49; >; 2
1415; "departure"; 15; 49; >; 2
1416; "arrival"; 41; 49; >; 2
1417; "departure"; 41; 49; >; 2
1418; "arrival"; 93; 49; >; 2
1419; "departure"; 93; 49; >; 2
1420; "arrival"; 86; 49; >; 2
1421; "departure"; 86; 49; >; 2
1422; "arrival"; 65; 49; >; 2
1423; "departure"; 65; 49; >; 2
1424; "arrival"; 79; 49; >; 2
1425; "departure"; 79; 49; >; 2
1426; "arrival"; 83; 49; >; 2
1427; "departure"; 83; 49; >; 2
1428; "arrival"; 44; 49; >; 2
1429; "departure"; 44; 49; >; 2
1430; "arrival"; 45; 49; >; 2
1431; "departure"; 73; 50; >; 1
1432; "arrival"; 96; 50; >; 1
1433; "departure"; 96; 50; >; 1
1434; "arrival"; 136; 50; >; 1
1435; "departure"; 136; 50; >; 1
1436; "arrival"; 9; 50; >; 1
1437; "departure"; 9; 50; >; 1
1438; "arrival"; 117; 50; >; 1
1439; "departure"; 117; 50; >; 1
1440; "arrival"; 139; 50; >; 1
1441; "departure"; 139; 50; >; 1
1442; "arrival"; 138; 50; >; 1
1443; "departure"; 138; 50; >; 1
1444; "arrival"; 129; 50; >; 1
1445; "departure"; 129; 50; >; 1
1446; "arrival"; 40; 50; >; 1
1447; "departure"; 40; 50; >; 1
1448; "arrival"; 127; 50; >; 1
1449; "departure"; 127; 50; >; 1
1450; "arrival"; 59; 50; >; 1
1451; "departure"; 73; 50; >; 2
1452; "arrival"; 96; 50; >; 2
1453; "departure"; 96; 50; >; 2
1454; "arrival"; 136; 50; >; 2
1455; "departure"; 136; 50; >; 2
1456; "arrival"; 9; 50; >; 2
1457; "departure"; 9; 50; >; 2
1458; "arrival"; 117; 50; >; 2
1459; "departure"; 117; 50; >; 2
1460; "arrival"; 139; 50; >; 2
1461; "departure"; 139; 50; >; 2
1462; "arrival"; 138; 50; >; 2
1463; "departure"; 138; 50; >; 2
1464; "arrival"; 129; 50; >; 2
1465; "departure"; 129; 50; >; 2
1466; "arrival"; 40; 50; >; 2
1467; "departure"; 40; 50; >; 2
1468; "arrival"; 127; 50; >; 2
1469; "departure"; 127; 50; >; 2
1470; "arrival"; 59; 50; >; 2
1471; "departure"; 73; 51; >; 1
1472; "arrival"; 74; 51; >; 1
1473; "departure"; 74; 51; >; 1
1474; "arrival"; 77; 51; >; 1
1475; "departure"; 77; 51; >; 1
1476; "arrival"; 60; 51; >; 1
1477; "departure"; 60; 51; >; 1
1478; "arrival"; 8; 51; >; 1
1479; "departure"; 8; 51; >; 1
1480; "arrival"; 95; 51; >; 1
1481; "departure"; 95; 51; >; 1
1482; "arrival"; 17; 51; >; 1
1483; "departure"; 17; 51; >; 1
1484; "arrival"; 87; 51; >; 1
1485; "departure"; 87; 51; >; 1
1486; "arrival"; 89; 51; >; 1
1487; "departure"; 89; 51; >; 1
1488; "arrival"; 100; 51; >; 1
1489; "departure"; 100; 51; >; 1
1490; "arrival"; 121; 51; >; 1
1491; "departure"; 121; 51; >; 1
1492; "arrival"; 126; 51; >; 1
1493; "departure"; 126; 51; >; 1
1494; "arrival"; 53; 51; >; 1
1495; "departure"; 53; 51; >; 1
1496; "arrival"; 110; 51; >; 1
1497; "departure"; 73; 51; >; 2
1498; "arrival"; 74; 51; >; 2
1499; "departure"; 74; 51; >; 2
1500; "arrival"; 77; 51; >; 2
1501; "departure"; 77; 51; >; 2
1502; "arrival"; 60; 51; >; 2
1503; "departure"; 60; 51; >; 2
1504; "arrival"; 8; 51; >; 2
1505; "departure"; 8; 51; >; 2
1506; "arrival"; 95; 51; >; 2
1507; "departure"; 95; 51; >; 2
1508; "arrival"; 17; 51; >; 2
1509; "departure"; 17; 51; >; 2
1510; "arrival"; 87; 51; >; 2
1511; "departure"; 87; 51; >; 2
1512; "arrival"; 89; 51; >; 2
1513; "departure"; 89; 51; >; 2
1514; "arrival"; 100; 51; >; 2
1515; "departure"; 100; 51; >; 2
1516; "arrival"; 121; 51; >; 2
1517; "departure"; 121; 51; >; 2
1518; "arrival"; 126; 51; >; 2
1519; "departure"; 126; 51; >; 2
1520; "arrival"; 53; 51; >; 2
1521; "departure"; 53; 51; >; 2
1522; "arrival"; 110; 51; >; 2
1523; "departure"; 73; 52; >; 1
1524; "arrival"; 136; 52; >; 1
1525; "departure"; 136; 52; >; 1
1526; "arrival"; 139; 52; >; 1
1527; "departure"; 73; 52; >; 2
1528; "arrival"; 136; 52; >; 2
1529; "departure"; 136; 52; >; 2
1530; "arrival"; 139; 52; >; 2
1531; "departure"; 85; 53; >; 1
1532; "arrival"; 63; 53; >; 1
1533; "departure"; 63; 53; >; 1
1534; "arrival"; 54; 53; >; 1
1535; "departure"; 54; 53; >; 1
1536; "arrival"; 131; 53; >; 1
1537; "departure"; 131; 53; >; 1
1538; "arrival"; 24; 53; >; 1
1539; "departure"; 24; 53; >; 1
1540; "arrival"; 15; 53; >; 1
1541; "departure"; 85; 53; >; 2
1542; "arrival"; 63; 53; >; 2
1543; "departure"; 63; 53; >; 2
1544; "arrival"; 54; 53; >; 2
1545; "departure"; 54; 53; >; 2
1546; "arrival"; 131; 53; >; 2
1547; "departure"; 131; 53; >; 2
1548; "arrival"; 24; 53; >; 2
1549; "departure"; 24; 53; >; 2
1550; "arrival"; 15; 53; >; 2
1551; "departure"; 92; 54; >; 1
1552; "arrival"; 7; 54; >; 1
1553; "departure"; 7; 54; >; 1
1554; "arrival"; 127; 54; >; 1
1555; "departure"; 127; 54; >; 1
1556; "arrival"; 40; 54; >; 1
1557; "departure"; 40; 54; >; 1
1558; "arrival"; 129; 54; >; 1
1559; "departure"; 129; 54; >; 1
1560; "arrival"; 138; 54; >; 1
1561; "departure"; 138; 54; >; 1
1562; "arrival"; 139; 54; >; 1
1563; "departure"; 139; 54; >; 1
1564; "arrival"; 15; 54; >; 1
1565; "departure"; 15; 54; >; 1
1566; "arrival"; 118; 54; >; 1
1567; "departure"; 118; 54; >; 1
1568; "arrival"; 107; 54; >; 1
1569; "departure"; 107; 54; >; 1
1570; "arrival"; 124; 54; >; 1
1571; "departure"; 124; 54; >; 1
1572; "arrival"; 20; 54; >; 1
1573; "departure"; 92; 54; >; 2
1574; "arrival"; 7; 54; >; 2
1575; "departure"; 7; 54; >; 2
1576; "arrival"; 127; 54; >; 2
1577; "departure"; 127; 54; >; 2
1578; "arrival"; 40; 54; >; 2
1579; "departure"; 40; 54; >; 2
1580; "arrival"; 129; 54; >; 2
1581; "departure"; 129; 54; >; 2
1582; "arrival"; 138; 54; >; 2
1583; "departure"; 138; 54; >; 2
1584; "arrival"; 139; 54; >; 2
1585; "departure"; 139; 54; >; 2
1586; "arrival"; 15; 54; >; 2
1587; "departure"; 15; 54; >; 2
1588; "arrival"; 118; 54; >; 2
1589; "departure"; 118; 54; >; 2
1590; "arrival"; 107; 54; >; 2
1591; "departure"; 107; 54; >; 2
1592; "arrival"; 124; 54; >; 2
1593; "departure"; 124; 54; >; 2
1594; "arrival"; 20; 54; >; 2
1595; "departure"; 92; 55; >; 1
1596; "arrival"; 7; 55; >; 1
1597; "departure"; 7; 55; >; 1
1598; "arrival"; 127; 55; >; 1
1599; "departure"; 127; 55; >; 1
1600; "arrival"; 40; 55; >; 1
1601; "departure"; 40; 55; >; 1
1602; "arrival"; 129; 55; >; 1
1603; "departure"; 129; 55; >; 1
1604; "arrival"; 138; 55; >; 1
1605; "departure"; 138; 55; >; 1
1606; "arrival"; 139; 55; >; 1
1607; "departure"; 139; 55; >; 1
1608; "arrival"; 15; 55; >; 1
1609; "departure"; 15; 55; >; 1
1610; "arrival"; 118; 55; >; 1
1611; "departure"; 118; 55; >; 1
1612; "arrival"; 107; 55; >; 1
1613; "departure"; 107; 55; >; 1
1614; "arrival"; 57; 55; >; 1
1615; "departure"; 57; 55; >; 1
1616; "arrival"; 56; 55; >; 1
1617; "departure"; 94; 56; >; 1
1618; "arrival"; 110; 56; >; 1
1619; "departure"; 110; 56; >; 1
1620; "arrival"; 129; 56; >; 1
1621; "departure"; 129; 56; >; 1
1622; "arrival"; 138; 56; >; 1
1623; "departure"; 138; 56; >; 1
1624; "arrival"; 139; 56; >; 1
1625; "departure"; 139; 56; >; 1
1626; "arrival"; 1; 56; >; 1
1627; "departure"; 1; 56; >; 1
1628; "arrival"; 85; 56; >; 1
1629; "departure"; 85; 56; >; 1
1630; "arrival"; 106; 56; >; 1
1631; "departure"; 106; 56; >; 1
1632; "arrival"; 18; 56; >; 1
1633; "departure"; 18; 56; >; 1
1634; "arrival"; 81; 56; >; 1
1635; "departure"; 81; 56; >; 1
1636; "arrival"; 133; 56; >; 1
1637; "departure"; 133; 56; >; 1
1638; "arrival"; 79; 56; >; 1
1639; "departure"; 79; 56; >; 1
1640; "arrival"; 44; 56; >; 1
1641; "departure"; 44; 56; >; 1
1642; "arrival"; 45; 56; >; 1
1643; "departure"; 94; 56; >; 2
1644; "arrival"; 110; 56; >; 2
1645; "departure"; 110; 56; >; 2
1646; "arrival"; 129; 56; >; 2
1647; "departure"; 129; 56; >; 2
1648; "arrival"; 138; 56; >; 2
1649; "departure"; 138; 56; >; 2
1650; "arrival"; 139; 56; >; 2
1651; "departure"; 139; 56; >; 2
1652; "arrival"; 1; 56; >; 2
1653; "departure"; 1; 56; >; 2
1654; "arrival"; 85; 56; >; 2
1655; "departure"; 85; 56; >; 2
1656; "arrival"; 106; 56; >; 2
1657; "departure"; 106; 56; >; 2
1658; "arrival"; 18; 56; >; 2
1659; "departure"; 18; 56; >; 2
1660; "arrival"; 81; 56; >; 2
1661; "departure"; 81; 56; >; 2
1662; "arrival"; 133; 56; >; 2
1663; "departure"; 133; 56; >; 2
1664; "arrival"; 79; 56; >; 2
1665; "departure"; 79; 56; >; 2
1666; "arrival"; 44; 56; >; 2
1667; "departure"; 44; 56; >; 2
1668; "arrival"; 45; 56; >; 2
1669; "departure"; 99; 57; >; 1
1670; "arrival"; 139; 57; >; 1
1671; "departure"; 99; 57; >; 2
1672; "arrival"; 139; 57; >; 2
1673; "departure"; 110; 58; >; 1
1674; "arrival"; 47; 58; >; 1
1675; "departure"; 47; 58; >; 1
1676; "arrival"; 38; 58; >; 1
1677; "departure"; 38; 58; >; 1
1678; "arrival"; 122; 58; >; 1
1679; "departure"; 122; 58; >; 1
1680; "arrival"; 128; 58; >; 1
1681; "departure"; 128; 58; >; 1
1682; "arrival"; 129; 58; >; 1
1683; "departure"; 129; 58; >; 1
1684; "arrival"; 138; 58; >; 1
1685; "departure"; 138; 58; >; 1
1686; "arrival"; 140; 58; >; 1
1687; "departure"; 140; 58; >; 1
1688; "arrival"; 139; 58; >; 1
1689; "departure"; 139; 58; >; 1
1690; "arrival"; 15; 58; >; 1
1691; "departure"; 15; 58; >; 1
1692; "arrival"; 41; 58; >; 1
1693; "departure"; 41; 58; >; 1
1694; "arrival"; 65; 58; >; 1
1695; "departure"; 65; 58; >; 1
1696; "arrival"; 44; 58; >; 1
1697; "departure"; 44; 58; >; 1
1698; "arrival"; 45; 58; >; 1
1699; "departure"; 110; 58; >; 2
1700; "arrival"; 47; 58; >; 2
1701; "departure"; 47; 58; >; 2
1702; "arrival"; 38; 58; >; 2
1703; "departure"; 38; 58; >; 2
1704; "arrival"; 122; 58; >; 2
1705; "departure"; 122; 58; >; 2
1706; "arrival"; 128; 58; >; 2
1707; "departure"; 128; 58; >; 2
1708; "arrival"; 129; 58; >; 2
1709; "departure"; 129; 58; >; 2
1710; "arrival"; 138; 58; >; 2
1711; "departure"; 138; 58; >; 2
1712; "arrival"; 140; 58; >; 2
1713; "departure"; 140; 58; >; 2
1714; "arrival"; 139; 58; >; 2
1715; "departure"; 139; 58; >; 2
1716; "arrival"; 15; 58; >; 2
1717; "departure"; 15; 58; >; 2
1718; "arrival"; 41; 58; >; 2
1719; "departure"; 41; 58; >; 2
1720; "arrival"; 65; 58; >; 2
1721; "departure"; 65; 58; >; 2
1722; "arrival"; 44; 58; >; 2
1723; "departure"; 44; 58; >; 2
1724; "arrival"; 45; 58; >; 2
1725; "departure"; 110; 59; >; 1
1726; "arrival"; 53; 59; >; 1
1727; "departure"; 53; 59; >; 1
1728; "arrival"; 126; 59; >; 1
1729; "departure"; 126; 59; >; 1
1730; "arrival"; 121; 59; >; 1
1731; "departure"; 121; 59; >; 1
1732; "arrival"; 100; 59; >; 1
1733; "departure"; 100; 59; >; 1
1734; "arrival"; 89; 59; >; 1
1735; "departure"; 89; 59; >; 1
1736; "arrival"; 87; 59; >; 1
1737; "departure"; 87; 59; >; 1
1738; "arrival"; 17; 59; >; 1
1739; "departure"; 17; 59; >; 1
1740; "arrival"; 95; 59; >; 1
1741; "departure"; 95; 59; >; 1
1742; "arrival"; 8; 59; >; 1
1743; "departure"; 8; 59; >; 1
1744; "arrival"; 60; 59; >; 1
1745; "departure"; 60; 59; >; 1
1746; "arrival"; 77; 59; >; 1
1747; "departure"; 77; 59; >; 1
1748; "arrival"; 74; 59; >; 1
1749; "departure"; 74; 59; >; 1
1750; "arrival"; 73; 59; >; 1
1751; "departure"; 110; 59; >; 2
1752; "arrival"; 53; 59; >; 2
1753; "departure"; 53; 59; >; 2
1754; "arrival"; 126; 59; >; 2
1755; "departure"; 126; 59; >; 2
1756; "arrival"; 121; 59; >; 2
1757; "departure"; 121; 59; >; 2
1758; "arrival"; 100; 59; >; 2
1759; "departure"; 100; 59; >; 2
1760; "arrival"; 89; 59; >; 2
1761; "departure"; 89; 59; >; 2
1762; "arrival"; 87; 59; >; 2
1763; "departure"; 87; 59; >; 2
1764; "arrival"; 17; 59; >; 2
1765; "departure"; 17; 59; >; 2
1766; "arrival"; 95; 59; >; 2
1767; "departure"; 95; 59; >; 2
1768; "arrival"; 8; 59; >; 2
1769; "departure"; 8; 59; >; 2
1770; "arrival"; 60; 59; >; 2
1771; "departure"; 60; 59; >; 2
1772; "arrival"; 77; 59; >; 2
1773; "departure"; 77; 59; >; 2
1774; "arrival"; 74; 59; >; 2
1775; "departure"; 74; 59; >; 2
1776; "arrival"; 73; 59; >; 2
1777; "departure"; 112; 60; >; 1
1778; "arrival"; 27; 60; >; 1
1779; "departure"; 27; 60; >; 1
1780; "arrival"; 97; 60; >; 1
1781; "departure"; 97; 60; >; 1
1782; "arrival"; 88; 60; >; 1
1783; "departure"; 88; 60; >; 1
1784; "arrival"; 14; 60; >; 1
1785; "departure"; 14; 60; >; 1
1786; "arrival"; 37; 60; >; 1
1787; "departure"; 37; 60; >; 1
1788; "arrival"; 120; 60; >; 1
1789; "departure"; 120; 60; >; 1
1790; "arrival"; 119; 60; >; 1
1791; "departure"; 119; 60; >; 1
1792; "arrival"; 90; 60; >; 1
1793; "departure"; 90; 60; >; 1
1794; "arrival"; 30; 60; >; 1
1795; "departure"; 112; 60; >; 2
1796; "arrival"; 27; 60; >; 2
1797; "departure"; 27; 60; >; 2
1798; "arrival"; 97; 60; >; 2
1799; "departure"; 97; 60; >; 2
1800; "arrival"; 88; 60; >; 2
1801; "departure"; 88; 60; >; 2
1802; "arrival"; 14; 60; >; 2
1803; "departure"; 14; 60; >; 2
1804; "arrival"; 37; 60; >; 2
1805; "departure"; 37; 60; >; 2
1806; "arrival"; 120; 60; >; 2
1807; "departure"; 120; 60; >; 2
1808; "arrival"; 119; 60; >; 2
1809; "departure"; 119; 60; >; 2
1810; "arrival"; 90; 60; >; 2
1811; "departure"; 90; 60; >; 2
1812; "arrival"; 30; 60; >; 2
1813; "departure"; 112; 61; >; 1
1814; "arrival"; 27; 61; >; 1
1815; "departure"; 27; 61; >; 1
1816; "arrival"; 97; 61; >; 1
1817; "departure"; 97; 61; >; 1
1818; "arrival"; 108; 61; >; 1
1819; "departure"; 108; 61; >; 1
1820; "arrival"; 88; 61; >; 1
1821; "departure"; 88; 61; >; 1
1822; "arrival"; 14; 61; >; 1
1823; "departure"; 14; 61; >; 1
1824; "arrival"; 37; 61; >; 1
1825; "departure"; 37; 61; >; 1
1826; "arrival"; 120; 61; >; 1
1827; "departure"; 120; 61; >; 1
1828; "arrival"; 119; 61; >; 1
1829; "departure"; 119; 61; >; 1
1830; "arrival"; 90; 61; >; 1
1831; "departure"; 90; 61; >; 1
1832; "arrival"; 30; 61; >; 1
1833; "departure"; 116; 62; >; 1
1834; "arrival"; 25; 62; >; 1
1835; "departure"; 25; 62; >; 1
1836; "arrival"; 46; 62; >; 1
1837; "departure"; 46; 62; >; 1
1838; "arrival"; 13; 62; >; 1
1839; "departure"; 13; 62; >; 1
1840; "arrival"; 26; 62; >; 1
1841; "departure"; 26; 62; >; 1
1842; "arrival"; 16; 62; >; 1
1843; "departure"; 16; 62; >; 1
1844; "arrival"; 19; 62; >; 1
1845; "departure"; 19; 62; >; 1
1846; "arrival"; 66; 62; >; 1
1847; "departure"; 66; 62; >; 1
1848; "arrival"; 36; 62; >; 1
1849; "departure"; 36; 62; >; 1
1850; "arrival"; 6; 62; >; 1
1851; "departure"; 6; 62; >; 1
1852; "arrival"; 3; 62; >; 1
1853; "departure"; 3; 62; >; 1
1854; "arrival"; 51; 62; >; 1
1855; "departure"; 51; 62; >; 1
1856; "arrival"; 35; 62; >; 1
1857; "departure"; 35; 62; >; 1
1858; "arrival"; 4; 62; >; 1
1859; "departure"; 4; 62; >; 1
1860; "arrival"; 39; 62; >; 1
1861; "departure"; 39; 62; >; 1
1862; "arrival"; 22; 62; >; 1
1863; "departure"; 22; 62; >; 1
1864; "arrival"; 101; 62; >; 1
1865; "departure"; 101; 62; >; 1
1866; "arrival"; 8; 62; >; 1
1867; "departure"; 8; 62; >; 1
1868; "arrival"; 73; 62; >; 1
1869; "departure"; 73; 62; >; 1
1870; "arrival"; 85; 62; >; 1
1871; "departure"; 85; 62; >; 1
1872; "arrival"; 12; 62; >; 1
1873; "departure"; 116; 63; >; 1
1874; "arrival"; 25; 63; >; 1
1875; "departure"; 25; 63; >; 1
1876; "arrival"; 46; 63; >; 1
1877; "departure"; 46; 63; >; 1
1878; "arrival"; 13; 63; >; 1
1879; "departure"; 13; 63; >; 1
1880; "arrival"; 26; 63; >; 1
1881; "departure"; 26; 63; >; 1
1882; "arrival"; 16; 63; >; 1
1883; "departure"; 16; 63; >; 1
1884; "arrival"; 19; 63; >; 1
1885; "departure"; 19; 63; >; 1
1886; "arrival"; 66; 63; >; 1
1887; "departure"; 66; 63; >; 1
1888; "arrival"; 36; 63; >; 1
1889; "departure"; 36; 63; >; 1
1890; "arrival"; 6; 63; >; 1
1891; "departure"; 6; 63; >; 1
1892; "arrival"; 3; 63; >; 1
1893; "departure"; 3; 63; >; 1
1894; "arrival"; 51; 63; >; 1
1895; "departure"; 51; 63; >; 1
1896; "arrival"; 35; 63; >; 1
1897; "departure"; 35; 63; >; 1
1898; "arrival"; 4; 63; >; 1
1899; "departure"; 4; 63; >; 1
1900; "arrival"; 39; 63; >; 1
1901; "departure"; 39; 63; >; 1
1902; "arrival"; 22; 63; >; 1
1903; "departure"; 22; 63; >; 1
1904; "arrival"; 101; 63; >; 1
1905; "departure"; 101; 63; >; 1
1906; "arrival"; 8; 63; >; 1
1907; "departure"; 8; 63; >; 1
1908; "arrival"; 136; 63; >; 1
1909; "departure"; 136; 63; >; 1
1910; "arrival"; 139; 63; >; 1
1911; "departure"; 138; 64; >; 1
1912; "arrival"; 140; 64; >; 1
1913; "departure"; 140; 64; >; 1
1914; "arrival"; 139; 64; >; 1
1915; "departure"; 139; 64; >; 1
1916; "arrival"; 137; 64; >; 1
1917; "departure"; 137; 64; >; 1
1918; "arrival"; 33; 64; >; 1
1919; "departure"; 33; 64; >; 1
1920; "arrival"; 11; 64; >; 1
1921; "departure"; 11; 64; >; 1
1922; "arrival"; 21; 64; >; 1
1923; "departure"; 21; 64; >; 1
1924; "arrival"; 42; 64; >; 1
1925; "departure"; 42; 64; >; 1
1926; "arrival"; 91; 64; >; 1
1927; "departure"; 91; 64; >; 1
1928; "arrival"; 12; 64; >; 1
1929; "departure"; 138; 64; >; 2
1930; "arrival"; 140; 64; >; 2
1931; "departure"; 140; 64; >; 2
1932; "arrival"; 139; 64; >; 2
1933; "departure"; 139; 64; >; 2
1934; "arrival"; 137; 64; >; 2
1935; "departure"; 137; 64; >; 2
1936; "arrival"; 33; 64; >; 2
1937; "departure"; 33; 64; >; 2
1938; "arrival"; 11; 64; >; 2
1939; "departure"; 11; 64; >; 2
1940; "arrival"; 21; 64; >; 2
1941; "departure"; 21; 64; >; 2
1942; "arrival"; 42; 64; >; 2
1943; "departure"; 42; 64; >; 2
1944; "arrival"; 91; 64; >; 2
1945; "departure"; 91; 64; >; 2
1946; "arrival"; 12; 64; >; 2
1947; "departure"; 139; 65; >; 1
1948; "arrival"; 12; 65; >; 1
1949; "departure"; 139; 65; >; 2
1950; "arrival"; 12; 65; >; 2
1951; "departure"; 139; 66; >; 1
1952; "arrival"; 11; 66; >; 1
1953; "departure"; 11; 66; >; 1
1954; "arrival"; 21; 66; >; 1
1955; "departure"; 21; 66; >; 1
1956; "arrival"; 42; 66; >; 1
1957; "departure"; 42; 66; >; 1
1958; "arrival"; 114; 66; >; 1
1959; "departure"; 114; 66; >; 1
1960; "arrival"; 91; 66; >; 1
1961; "departure"; 91; 66; >; 1
1962; "arrival"; 12; 66; >; 1
1963; "departure"; 139; 66; >; 2
1964; "arrival"; 11; 66; >; 2
1965; "departure"; 11; 66; >; 2
1966; "arrival"; 21; 66; >; 2
1967; "departure"; 21; 66; >; 2
1968; "arrival"; 42; 66; >; 2
1969; "departure"; 42; 66; >; 2
1970; "arrival"; 114; 66; >; 2
1971; "departure"; 114; 66; >; 2
1972; "arrival"; 91; 66; >; 2
1973; "departure"; 91; 66; >; 2
1974; "arrival"; 12; 66; >; 2
1975; "departure"; 139; 67; >; 1
1976; "arrival"; 67; 67; >; 1
1977; "departure"; 67; 67; >; 1
1978; "arrival"; 1; 67; >; 1
1979; "departure"; 1; 67; >; 1
1980; "arrival"; 105; 67; >; 1
1981; "departure"; 105; 67; >; 1
1982; "arrival"; 71; 67; >; 1
1983; "departure"; 71; 67; >; 1
1984; "arrival"; 12; 67; >; 1
1985; "departure"; 139; 67; >; 2
1986; "arrival"; 67; 67; >; 2
1987; "departure"; 67; 67; >; 2
1988; "arrival"; 1; 67; >; 2
1989; "departure"; 1; 67; >; 2
1990; "arrival"; 105; 67; >; 2
1991; "departure"; 105; 67; >; 2
1992; "arrival"; 71; 67; >; 2
1993; "departure"; 71; 67; >; 2
1994; "arrival"; 12; 67; >; 2
1995; "departure"; 139; 68; >; 1
1996; "arrival"; 12; 68; >; 1
1997; "departure"; 139; 68; >; 2
1998; "arrival"; 12; 68; >; 2
1999; "departure"; 139; 69; >; 1
2000; "arrival"; 11; 69; >; 1
2001; "departure"; 11; 69; >; 1
2002; "arrival"; 21; 69; >; 1
2003; "departure"; 21; 69; >; 1
2004; "arrival"; 1; 69; >; 1
2005; "departure"; 1; 69; >; 1
2006; "arrival"; 85; 69; >; 1
2007; "departure"; 85; 69; >; 1
2008; "arrival"; 15; 69; >; 1
2009; "departure"; 139; 69; >; 2
2010; "arrival"; 11; 69; >; 2
2011; "departure"; 11; 69; >; 2
2012; "arrival"; 21; 69; >; 2
2013; "departure"; 21; 69; >; 2
2014; "arrival"; 1; 69; >; 2
2015; "departure"; 1; 69; >; 2
2016; "arrival"; 85; 69; >; 2
2017; "departure"; 85; 69; >; 2
2018; "arrival"; 15; 69; >; 2
2019; "departure"; 139; 70; >; 1
2020; "arrival"; 138; 70; >; 1
2021; "departure"; 138; 70; >; 1
2022; "arrival"; 129; 70; >; 1
2023; "departure"; 129; 70; >; 1
2024; "arrival"; 110; 70; >; 1
2025; "departure"; 110; 70; >; 1
2026; "arrival"; 111; 70; >; 1
2027; "departure"; 139; 71; >; 1
2028; "arrival"; 140; 71; >; 1
2029; "departure"; 140; 71; >; 1
2030; "arrival"; 138; 71; >; 1
2031; "departure"; 138; 71; >; 1
2032; "arrival"; 129; 71; >; 1
2033; "departure"; 129; 71; >; 1
2034; "arrival"; 128; 71; >; 1
2035; "departure"; 128; 71; >; 1
2036; "arrival"; 122; 71; >; 1
2037; "departure"; 122; 71; >; 1
2038; "arrival"; 38; 71; >; 1
2039; "departure"; 38; 71; >; 1
2040; "arrival"; 47; 71; >; 1
2041; "departure"; 47; 71; >; 1
2042; "arrival"; 110; 71; >; 1
2043; "departure"; 110; 71; >; 1
2044; "arrival"; 94; 71; >; 1
2045; "departure"; 94; 71; >; 1
2046; "arrival"; 111; 71; >; 1
2047; "departure"; 111; 71; >; 1
2048; "arrival"; 52; 71; >; 1
2049; "departure"; 52; 71; >; 1
2050; "arrival"; 5; 71; >; 1
2051; "departure"; 5; 71; >; 1
2052; "arrival"; 23; 71; >; 1
2053; "departure"; 23; 71; >; 1
2054; "arrival"; 98; 71; >; 1
2055; "departure"; 98; 71; >; 1
2056; "arrival"; 10; 71; >; 1
2057; "departure"; 10; 71; >; 1
2058; "arrival"; 62; 71; >; 1
2059; "departure"; 62; 71; >; 1
2060; "arrival"; 30; 71; >; 1
2061; "departure"; 139; 71; >; 2
2062; "arrival"; 140; 71; >; 2
2063; "departure"; 140; 71; >; 2
2064; "arrival"; 138; 71; >; 2
2065; "departure"; 138; 71; >; 2
2066; "arrival"; 129; 71; >; 2
2067; "departure"; 129; 71; >; 2
2068; "arrival"; 128; 71; >; 2
2069; "departure"; 128; 71; >; 2
2070; "arrival"; 122; 71; >; 2
2071; "departure"; 122; 71; >; 2
2072; "arrival"; 38; 71; >; 2
2073; "departure"; 38; 71; >; 2
2074; "arrival"; 47; 71; >; 2
2075; "departure"; 47; 71; >; 2
2076; "arrival"; 110; 71; >; 2
2077; "departure"; 110; 71; >; 2
2078; "arrival"; 94; 71; >; 2
2079; "departure"; 94; 71; >; 2
2080; "arrival"; 111; 71; >; 2
2081; "departure"; 111; 71; >; 2
2082; "arrival"; 52; 71; >; 2
2083; "departure"; 52; 71; >; 2
2084; "arrival"; 5; 71; >; 2
2085; "departure"; 5; 71; >; 2
2086; "arrival"; 23; 71; >; 2
2087; "departure"; 23; 71; >; 2
2088; "arrival"; 98; 71; >; 2
2089; "departure"; 98; 71; >; 2
2090; "arrival"; 10; 71; >; 2
2091; "departure"; 10; 71; >; 2
2092; "arrival"; 62; 71; >; 2
2093; "departure"; 62; 71; >; 2
2094; "arrival"; 30; 71; >; 2
2095; "departure"; 139; 72; >; 1
2096; "arrival"; 98; 72; >; 1
2097; "departure"; 98; 72; >; 1
2098; "arrival"; 62; 72; >; 1
2099; "departure"; 62; 72; >; 1
2100; "arrival"; 30; 72; >; 1
2101; "departure"; 139; 72; >; 2
2102; "arrival"; 98; 72; >; 2
2103; "departure"; 98; 72; >; 2
2104; "arrival"; 62; 72; >; 2
2105; "departure"; 62; 72; >; 2
2106; "arrival"; 30; 72; >; 2
2107; "departure"; 139; 72; >; 3
2108; "arrival"; 98; 72; >; 3
2109; "departure"; 98; 72; >; 3
2110; "arrival"; 62; 72; >; 3
2111; "departure"; 62; 72; >; 3
2112; "arrival"; 30; 72; >; 3
2113; "departure"; 139; 72; >; 4
2114; "arrival"; 98; 72; >; 4
2115; "departure"; 98; 72; >; 4
2116; "arrival"; 62; 72; >; 4
2117; "departure"; 62; 72; >; 4
2118; "arrival"; 30; 72; >; 4
2119; "departure"; 139; 73; >; 1
2120; "arrival"; 136; 73; >; 1
2121; "departure"; 136; 73; >; 1
2122; "arrival"; 8; 73; >; 1
2123; "departure"; 8; 73; >; 1
2124; "arrival"; 13; 73; >; 1
2125; "departure"; 13; 73; >; 1
2126; "arrival"; 72; 73; >; 1
2127; "departure"; 72; 73; >; 1
2128; "arrival"; 29; 73; >; 1
2129; "departure"; 139; 73; >; 2
2130; "arrival"; 136; 73; >; 2
2131; "departure"; 136; 73; >; 2
2132; "arrival"; 8; 73; >; 2
2133; "departure"; 8; 73; >; 2
2134; "arrival"; 13; 73; >; 2
2135; "departure"; 13; 73; >; 2
2136; "arrival"; 72; 73; >; 2
2137; "departure"; 72; 73; >; 2
2138; "arrival"; 29; 73; >; 2
2139; "departure"; 139; 74; >; 1
2140; "arrival"; 98; 74; >; 1
2141; "departure"; 98; 74; >; 1
2142; "arrival"; 23; 74; >; 1
2143; "departure"; 139; 75; >; 1
2144; "arrival"; 85; 75; >; 1
2145; "departure"; 85; 75; >; 1
2146; "arrival"; 84; 75; >; 1
2147; "departure"; 84; 75; >; 1
2148; "arrival"; 106; 75; >; 1
2149; "departure"; 106; 75; >; 1
2150; "arrival"; 50; 75; >; 1
2151; "departure"; 50; 75; >; 1
2152; "arrival"; 18; 75; >; 1
2153; "departure"; 18; 75; >; 1
2154; "arrival"; 81; 75; >; 1
2155; "departure"; 81; 75; >; 1
2156; "arrival"; 133; 75; >; 1
2157; "departure"; 133; 75; >; 1
2158; "arrival"; 65; 75; >; 1
2159; "departure"; 139; 75; >; 2
2160; "arrival"; 85; 75; >; 2
2161; "departure"; 85; 75; >; 2
2162; "arrival"; 84; 75; >; 2
2163; "departure"; 84; 75; >; 2
2164; "arrival"; 106; 75; >; 2
2165; "departure"; 106; 75; >; 2
2166; "arrival"; 50; 75; >; 2
2167; "departure"; 50; 75; >; 2
2168; "arrival"; 18; 75; >; 2
2169; "departure"; 18; 75; >; 2
2170; "arrival"; 81; 75; >; 2
2171; "departure"; 81; 75; >; 2
2172; "arrival"; 133; 75; >; 2
2173; "departure"; 133; 75; >; 2
2174; "arrival"; 65; 75; >; 2
2175; "departure"; 139; 76; >; 1
2176; "arrival"; 136; 76; >; 1
2177; "departure"; 136; 76; >; 1
2178; "arrival"; 8; 76; >; 1
2179; "departure"; 8; 76; >; 1
2180; "arrival"; 13; 76; >; 1
2181; "departure"; 13; 76; >; 1
2182; "arrival"; 72; 76; >; 1
2183; "departure"; 139; 77; >; 1
2184; "arrival"; 136; 77; >; 1
2185; "departure"; 136; 77; >; 1
2186; "arrival"; 73; 77; >; 1
2187; "departure"; 139; 77; >; 2
2188; "arrival"; 136; 77; >; 2
2189; "departure"; 136; 77; >; 2
2190; "arrival"; 73; 77; >; 2
2191; "departure"; 139; 78; >; 1
2192; "arrival"; 12; 78; >; 1
2193; "departure"; 139; 79; >; 1
2194; "arrival"; 99; 79; >; 1
2195; "departure"; 139; 79; >; 2
2196; "arrival"; 99; 79; >; 2
2197; "departure"; 139; 80; >; 1
2198; "arrival"; 136; 80; >; 1
2199; "departure"; 136; 80; >; 1
2200; "arrival"; 8; 80; >; 1
2201; "departure"; 8; 80; >; 1
2202; "arrival"; 101; 80; >; 1
2203; "departure"; 101; 80; >; 1
2204; "arrival"; 22; 80; >; 1
2205; "departure"; 22; 80; >; 1
2206; "arrival"; 39; 80; >; 1
2207; "departure"; 39; 80; >; 1
2208; "arrival"; 4; 80; >; 1
2209; "departure"; 4; 80; >; 1
2210; "arrival"; 35; 80; >; 1
2211; "departure"; 35; 80; >; 1
2212; "arrival"; 51; 80; >; 1
2213; "departure"; 51; 80; >; 1
2214; "arrival"; 3; 80; >; 1
2215; "departure"; 3; 80; >; 1
2216; "arrival"; 6; 80; >; 1
2217; "departure"; 6; 80; >; 1
2218; "arrival"; 36; 80; >; 1
2219; "departure"; 36; 80; >; 1
2220; "arrival"; 66; 80; >; 1
2221; "departure"; 66; 80; >; 1
2222; "arrival"; 19; 80; >; 1
2223; "departure"; 19; 80; >; 1
2224; "arrival"; 16; 80; >; 1
2225; "departure"; 16; 80; >; 1
2226; "arrival"; 26; 80; >; 1
2227; "departure"; 26; 80; >; 1
2228; "arrival"; 13; 80; >; 1
2229; "departure"; 13; 80; >; 1
2230; "arrival"; 46; 80; >; 1
2231; "departure"; 46; 80; >; 1
2232; "arrival"; 25; 80; >; 1
2233; "departure"; 25; 80; >; 1
2234; "arrival"; 116; 80; >; 1
